primitive,operation,run,time_ms
ML-DSA-65,Key Generation,1,0.6361
ML-DSA-65,Key Generation,2,0.6735
ML-DSA-65,Key Generation,3,0.6185
ML-DSA-65,Key Generation,4,0.6183
ML-DSA-65,Key Generation,5,0.6124
ML-DSA-65,Key Generation,6,0.6269
ML-DSA-65,Key Generation,7,0.611
ML-DSA-65,Key Generation,8,11.1659
ML-DSA-65,Key Generation,9,0.6626
ML-DSA-65,Key Generation,10,0.6291
ML-DSA-65,Key Generation,11,0.6391
ML-DSA-65,Key Generation,12,0.7857
ML-DSA-65,Key Generation,13,0.6424
ML-DSA-65,Key Generation,14,0.6322
ML-DSA-65,Key Generation,15,0.6217
ML-DSA-65,Key Generation,16,0.6185
ML-DSA-65,Key Generation,17,2.1017
ML-DSA-65,Key Generation,18,0.7338
ML-DSA-65,Key Generation,19,0.6291
ML-DSA-65,Key Generation,20,0.6362
ML-DSA-65,Key Generation,21,5.6386
ML-DSA-65,Key Generation,22,2.1029
ML-DSA-65,Key Generation,23,1.9737
ML-DSA-65,Key Generation,24,1.947
ML-DSA-65,Key Generation,25,0.721
ML-DSA-65,Key Generation,26,2.2596
ML-DSA-65,Key Generation,27,0.7546
ML-DSA-65,Key Generation,28,0.6281
ML-DSA-65,Key Generation,29,21.1797
ML-DSA-65,Key Generation,30,0.7591
ML-DSA-65,Key Generation,31,0.628
ML-DSA-65,Key Generation,32,0.7416
ML-DSA-65,Key Generation,33,3.5164
ML-DSA-65,Key Generation,34,0.7468
ML-DSA-65,Key Generation,35,0.6272
ML-DSA-65,Key Generation,36,0.6328
ML-DSA-65,Key Generation,37,0.6134
ML-DSA-65,Key Generation,38,1.119
ML-DSA-65,Key Generation,39,1.3533
ML-DSA-65,Key Generation,40,0.9564
ML-DSA-65,Key Generation,41,0.6718
ML-DSA-65,Key Generation,42,0.6897
ML-DSA-65,Key Generation,43,0.7028
ML-DSA-65,Key Generation,44,0.6538
ML-DSA-65,Key Generation,45,0.8326
ML-DSA-65,Key Generation,46,1.2618
ML-DSA-65,Key Generation,47,0.668
ML-DSA-65,Key Generation,48,0.6363
ML-DSA-65,Key Generation,49,0.62
ML-DSA-65,Key Generation,50,0.6116
ML-DSA-65,Key Generation,51,0.6246
ML-DSA-65,Key Generation,52,0.6134
ML-DSA-65,Key Generation,53,0.6099
ML-DSA-65,Key Generation,54,0.6231
ML-DSA-65,Key Generation,55,0.6128
ML-DSA-65,Key Generation,56,0.6066
ML-DSA-65,Key Generation,57,0.6019
ML-DSA-65,Key Generation,58,0.6282
ML-DSA-65,Key Generation,59,0.608
ML-DSA-65,Key Generation,60,0.7579
ML-DSA-65,Key Generation,61,0.9969
ML-DSA-65,Key Generation,62,0.6186
ML-DSA-65,Key Generation,63,0.6312
ML-DSA-65,Key Generation,64,0.6534
ML-DSA-65,Key Generation,65,0.6139
ML-DSA-65,Key Generation,66,0.6228
ML-DSA-65,Key Generation,67,0.6099
ML-DSA-65,Key Generation,68,0.6188
ML-DSA-65,Key Generation,69,0.6224
ML-DSA-65,Key Generation,70,0.6102
ML-DSA-65,Key Generation,71,0.6098
ML-DSA-65,Key Generation,72,0.6147
ML-DSA-65,Key Generation,73,0.6219
ML-DSA-65,Key Generation,74,0.6085
ML-DSA-65,Key Generation,75,0.6068
ML-DSA-65,Key Generation,76,0.6276
ML-DSA-65,Key Generation,77,0.6146
ML-DSA-65,Key Generation,78,0.6122
ML-DSA-65,Key Generation,79,0.6159
ML-DSA-65,Key Generation,80,0.6072
ML-DSA-65,Key Generation,81,0.6148
ML-DSA-65,Key Generation,82,0.6264
ML-DSA-65,Key Generation,83,0.6047
ML-DSA-65,Key Generation,84,0.6072
ML-DSA-65,Key Generation,85,0.7359
ML-DSA-65,Key Generation,86,0.6198
ML-DSA-65,Key Generation,87,0.828
ML-DSA-65,Key Generation,88,0.6314
ML-DSA-65,Key Generation,89,0.6096
ML-DSA-65,Key Generation,90,0.6083
ML-DSA-65,Key Generation,91,0.608
ML-DSA-65,Key Generation,92,0.6227
ML-DSA-65,Key Generation,93,0.6038
ML-DSA-65,Key Generation,94,0.6052
ML-DSA-65,Key Generation,95,0.6192
ML-DSA-65,Key Generation,96,0.6071
ML-DSA-65,Key Generation,97,0.6077
ML-DSA-65,Key Generation,98,0.6179
ML-DSA-65,Key Generation,99,0.6124
ML-DSA-65,Key Generation,100,0.6129
ML-DSA-65,Key Generation,101,0.6151
ML-DSA-65,Key Generation,102,0.6135
ML-DSA-65,Key Generation,103,0.6051
ML-DSA-65,Key Generation,104,0.6271
ML-DSA-65,Key Generation,105,0.6212
ML-DSA-65,Key Generation,106,0.6077
ML-DSA-65,Key Generation,107,0.6092
ML-DSA-65,Key Generation,108,0.637
ML-DSA-65,Key Generation,109,0.6101
ML-DSA-65,Key Generation,110,0.6085
ML-DSA-65,Key Generation,111,0.6122
ML-DSA-65,Key Generation,112,0.7093
ML-DSA-65,Key Generation,113,0.6125
ML-DSA-65,Key Generation,114,0.6316
ML-DSA-65,Key Generation,115,0.621
ML-DSA-65,Key Generation,116,0.6145
ML-DSA-65,Key Generation,117,0.642
ML-DSA-65,Key Generation,118,0.6377
ML-DSA-65,Key Generation,119,0.6238
ML-DSA-65,Key Generation,120,0.6205
ML-DSA-65,Key Generation,121,0.6412
ML-DSA-65,Key Generation,122,0.6253
ML-DSA-65,Key Generation,123,0.6166
ML-DSA-65,Key Generation,124,0.6531
ML-DSA-65,Key Generation,125,0.6605
ML-DSA-65,Key Generation,126,0.6597
ML-DSA-65,Key Generation,127,0.6547
ML-DSA-65,Key Generation,128,0.656
ML-DSA-65,Key Generation,129,0.6515
ML-DSA-65,Key Generation,130,0.6765
ML-DSA-65,Key Generation,131,0.6766
ML-DSA-65,Key Generation,132,0.672
ML-DSA-65,Key Generation,133,0.6878
ML-DSA-65,Key Generation,134,0.6462
ML-DSA-65,Key Generation,135,0.638
ML-DSA-65,Key Generation,136,0.8464
ML-DSA-65,Key Generation,137,0.7287
ML-DSA-65,Key Generation,138,0.7449
ML-DSA-65,Key Generation,139,0.6473
ML-DSA-65,Key Generation,140,0.6346
ML-DSA-65,Key Generation,141,0.6468
ML-DSA-65,Key Generation,142,0.6547
ML-DSA-65,Key Generation,143,0.6657
ML-DSA-65,Key Generation,144,0.6354
ML-DSA-65,Key Generation,145,0.658
ML-DSA-65,Key Generation,146,0.6505
ML-DSA-65,Key Generation,147,0.6458
ML-DSA-65,Key Generation,148,0.686
ML-DSA-65,Key Generation,149,0.6399
ML-DSA-65,Key Generation,150,0.626
ML-DSA-65,Key Generation,151,0.653
ML-DSA-65,Key Generation,152,0.6412
ML-DSA-65,Key Generation,153,0.6588
ML-DSA-65,Key Generation,154,0.6501
ML-DSA-65,Key Generation,155,0.6358
ML-DSA-65,Key Generation,156,0.6483
ML-DSA-65,Key Generation,157,0.6899
ML-DSA-65,Key Generation,158,0.6399
ML-DSA-65,Key Generation,159,0.6349
ML-DSA-65,Key Generation,160,0.8139
ML-DSA-65,Key Generation,161,0.6941
ML-DSA-65,Key Generation,162,0.6961
ML-DSA-65,Key Generation,163,0.6722
ML-DSA-65,Key Generation,164,0.663
ML-DSA-65,Key Generation,165,0.7042
ML-DSA-65,Key Generation,166,0.7143
ML-DSA-65,Key Generation,167,0.6949
ML-DSA-65,Key Generation,168,0.6762
ML-DSA-65,Key Generation,169,0.655
ML-DSA-65,Key Generation,170,0.6638
ML-DSA-65,Key Generation,171,0.6901
ML-DSA-65,Key Generation,172,0.6439
ML-DSA-65,Key Generation,173,0.6573
ML-DSA-65,Key Generation,174,0.7077
ML-DSA-65,Key Generation,175,0.6863
ML-DSA-65,Key Generation,176,0.657
ML-DSA-65,Key Generation,177,0.7057
ML-DSA-65,Key Generation,178,0.6579
ML-DSA-65,Key Generation,179,0.6615
ML-DSA-65,Key Generation,180,0.7437
ML-DSA-65,Key Generation,181,0.6503
ML-DSA-65,Key Generation,182,0.8162
ML-DSA-65,Key Generation,183,0.6833
ML-DSA-65,Key Generation,184,0.6318
ML-DSA-65,Key Generation,185,0.6583
ML-DSA-65,Key Generation,186,0.6435
ML-DSA-65,Key Generation,187,0.6354
ML-DSA-65,Key Generation,188,0.7281
ML-DSA-65,Key Generation,189,0.645
ML-DSA-65,Key Generation,190,0.6499
ML-DSA-65,Key Generation,191,0.6528
ML-DSA-65,Key Generation,192,0.6553
ML-DSA-65,Key Generation,193,0.6361
ML-DSA-65,Key Generation,194,0.6487
ML-DSA-65,Key Generation,195,0.6501
ML-DSA-65,Key Generation,196,0.6166
ML-DSA-65,Key Generation,197,0.6343
ML-DSA-65,Key Generation,198,0.663
ML-DSA-65,Key Generation,199,0.6233
ML-DSA-65,Key Generation,200,0.6312
ML-DSA-65,Key Generation,201,0.6524
ML-DSA-65,Key Generation,202,0.618
ML-DSA-65,Key Generation,203,0.6375
ML-DSA-65,Key Generation,204,0.6863
ML-DSA-65,Key Generation,205,0.6226
ML-DSA-65,Key Generation,206,0.7465
ML-DSA-65,Key Generation,207,0.653
ML-DSA-65,Key Generation,208,0.6283
ML-DSA-65,Key Generation,209,0.637
ML-DSA-65,Key Generation,210,0.6228
ML-DSA-65,Key Generation,211,0.614
ML-DSA-65,Key Generation,212,0.6337
ML-DSA-65,Key Generation,213,0.6118
ML-DSA-65,Key Generation,214,0.6118
ML-DSA-65,Key Generation,215,0.6188
ML-DSA-65,Key Generation,216,0.6157
ML-DSA-65,Key Generation,217,0.6106
ML-DSA-65,Key Generation,218,0.6228
ML-DSA-65,Key Generation,219,0.6184
ML-DSA-65,Key Generation,220,0.6045
ML-DSA-65,Key Generation,221,0.6168
ML-DSA-65,Key Generation,222,0.6186
ML-DSA-65,Key Generation,223,0.6117
ML-DSA-65,Key Generation,224,0.6128
ML-DSA-65,Key Generation,225,0.6189
ML-DSA-65,Key Generation,226,0.6111
ML-DSA-65,Key Generation,227,0.6085
ML-DSA-65,Key Generation,228,0.6139
ML-DSA-65,Key Generation,229,0.6072
ML-DSA-65,Key Generation,230,0.6055
ML-DSA-65,Key Generation,231,0.6242
ML-DSA-65,Key Generation,232,0.691
ML-DSA-65,Key Generation,233,0.6124
ML-DSA-65,Key Generation,234,0.6088
ML-DSA-65,Key Generation,235,0.6191
ML-DSA-65,Key Generation,236,0.6041
ML-DSA-65,Key Generation,237,0.6081
ML-DSA-65,Key Generation,238,0.6185
ML-DSA-65,Key Generation,239,0.6078
ML-DSA-65,Key Generation,240,0.6054
ML-DSA-65,Key Generation,241,0.6165
ML-DSA-65,Key Generation,242,0.6129
ML-DSA-65,Key Generation,243,0.6089
ML-DSA-65,Key Generation,244,0.6226
ML-DSA-65,Key Generation,245,0.6085
ML-DSA-65,Key Generation,246,0.6079
ML-DSA-65,Key Generation,247,0.6047
ML-DSA-65,Key Generation,248,0.617
ML-DSA-65,Key Generation,249,0.6058
ML-DSA-65,Key Generation,250,0.6082
ML-DSA-65,Key Generation,251,0.621
ML-DSA-65,Key Generation,252,0.6083
ML-DSA-65,Key Generation,253,0.6124
ML-DSA-65,Key Generation,254,0.6209
ML-DSA-65,Key Generation,255,0.6085
ML-DSA-65,Key Generation,256,0.6081
ML-DSA-65,Key Generation,257,0.6095
ML-DSA-65,Key Generation,258,0.6737
ML-DSA-65,Key Generation,259,0.6141
ML-DSA-65,Key Generation,260,0.6076
ML-DSA-65,Key Generation,261,0.6179
ML-DSA-65,Key Generation,262,0.6065
ML-DSA-65,Key Generation,263,0.6099
ML-DSA-65,Key Generation,264,0.6228
ML-DSA-65,Key Generation,265,0.6025
ML-DSA-65,Key Generation,266,0.6301
ML-DSA-65,Key Generation,267,0.6208
ML-DSA-65,Key Generation,268,0.6087
ML-DSA-65,Key Generation,269,0.609
ML-DSA-65,Key Generation,270,0.6169
ML-DSA-65,Key Generation,271,0.602
ML-DSA-65,Key Generation,272,0.6079
ML-DSA-65,Key Generation,273,0.603
ML-DSA-65,Key Generation,274,0.6154
ML-DSA-65,Key Generation,275,0.6111
ML-DSA-65,Key Generation,276,0.6047
ML-DSA-65,Key Generation,277,0.6183
ML-DSA-65,Key Generation,278,0.6072
ML-DSA-65,Key Generation,279,0.6149
ML-DSA-65,Key Generation,280,0.6153
ML-DSA-65,Key Generation,281,0.603
ML-DSA-65,Key Generation,282,0.6112
ML-DSA-65,Key Generation,283,0.7257
ML-DSA-65,Key Generation,284,0.6266
ML-DSA-65,Key Generation,285,0.6108
ML-DSA-65,Key Generation,286,0.6306
ML-DSA-65,Key Generation,287,0.6154
ML-DSA-65,Key Generation,288,0.6085
ML-DSA-65,Key Generation,289,0.6226
ML-DSA-65,Key Generation,290,0.6388
ML-DSA-65,Key Generation,291,0.608
ML-DSA-65,Key Generation,292,0.6157
ML-DSA-65,Key Generation,293,0.6159
ML-DSA-65,Key Generation,294,0.6067
ML-DSA-65,Key Generation,295,0.6672
ML-DSA-65,Key Generation,296,0.6221
ML-DSA-65,Key Generation,297,0.6101
ML-DSA-65,Key Generation,298,0.6049
ML-DSA-65,Key Generation,299,0.6586
ML-DSA-65,Key Generation,300,0.6145
ML-DSA-65,Key Generation,301,0.6069
ML-DSA-65,Key Generation,302,0.618
ML-DSA-65,Key Generation,303,0.6111
ML-DSA-65,Key Generation,304,0.6075
ML-DSA-65,Key Generation,305,0.614
ML-DSA-65,Key Generation,306,0.6258
ML-DSA-65,Key Generation,307,0.6085
ML-DSA-65,Key Generation,308,0.6132
ML-DSA-65,Key Generation,309,0.666
ML-DSA-65,Key Generation,310,0.5971
ML-DSA-65,Key Generation,311,0.6015
ML-DSA-65,Key Generation,312,0.5857
ML-DSA-65,Key Generation,313,0.588
ML-DSA-65,Key Generation,314,0.5873
ML-DSA-65,Key Generation,315,0.5913
ML-DSA-65,Key Generation,316,0.5788
ML-DSA-65,Key Generation,317,0.5853
ML-DSA-65,Key Generation,318,0.5902
ML-DSA-65,Key Generation,319,0.5847
ML-DSA-65,Key Generation,320,0.5805
ML-DSA-65,Key Generation,321,0.5805
ML-DSA-65,Key Generation,322,0.6365
ML-DSA-65,Key Generation,323,0.58
ML-DSA-65,Key Generation,324,0.58
ML-DSA-65,Key Generation,325,0.598
ML-DSA-65,Key Generation,326,0.5824
ML-DSA-65,Key Generation,327,0.5869
ML-DSA-65,Key Generation,328,0.5985
ML-DSA-65,Key Generation,329,0.5816
ML-DSA-65,Key Generation,330,0.5897
ML-DSA-65,Key Generation,331,0.5851
ML-DSA-65,Key Generation,332,0.5931
ML-DSA-65,Key Generation,333,0.5878
ML-DSA-65,Key Generation,334,0.5853
ML-DSA-65,Key Generation,335,0.5973
ML-DSA-65,Key Generation,336,0.6511
ML-DSA-65,Key Generation,337,0.5852
ML-DSA-65,Key Generation,338,0.6134
ML-DSA-65,Key Generation,339,0.5904
ML-DSA-65,Key Generation,340,0.5808
ML-DSA-65,Key Generation,341,0.5819
ML-DSA-65,Key Generation,342,0.5889
ML-DSA-65,Key Generation,343,0.584
ML-DSA-65,Key Generation,344,0.5856
ML-DSA-65,Key Generation,345,0.5953
ML-DSA-65,Key Generation,346,0.5871
ML-DSA-65,Key Generation,347,0.5817
ML-DSA-65,Key Generation,348,0.5844
ML-DSA-65,Key Generation,349,0.6011
ML-DSA-65,Key Generation,350,0.6161
ML-DSA-65,Key Generation,351,0.5854
ML-DSA-65,Key Generation,352,0.5973
ML-DSA-65,Key Generation,353,0.5859
ML-DSA-65,Key Generation,354,0.5865
ML-DSA-65,Key Generation,355,0.5925
ML-DSA-65,Key Generation,356,0.5824
ML-DSA-65,Key Generation,357,0.5938
ML-DSA-65,Key Generation,358,0.5855
ML-DSA-65,Key Generation,359,0.5977
ML-DSA-65,Key Generation,360,0.59
ML-DSA-65,Key Generation,361,0.5884
ML-DSA-65,Key Generation,362,0.5944
ML-DSA-65,Key Generation,363,0.6858
ML-DSA-65,Key Generation,364,0.5878
ML-DSA-65,Key Generation,365,0.5907
ML-DSA-65,Key Generation,366,0.5802
ML-DSA-65,Key Generation,367,0.5771
ML-DSA-65,Key Generation,368,0.581
ML-DSA-65,Key Generation,369,0.5957
ML-DSA-65,Key Generation,370,0.5853
ML-DSA-65,Key Generation,371,0.5804
ML-DSA-65,Key Generation,372,0.5916
ML-DSA-65,Key Generation,373,0.5831
ML-DSA-65,Key Generation,374,0.5837
ML-DSA-65,Key Generation,375,0.5816
ML-DSA-65,Key Generation,376,0.5987
ML-DSA-65,Key Generation,377,0.5926
ML-DSA-65,Key Generation,378,0.6186
ML-DSA-65,Key Generation,379,0.6136
ML-DSA-65,Key Generation,380,0.5926
ML-DSA-65,Key Generation,381,0.5832
ML-DSA-65,Key Generation,382,0.5924
ML-DSA-65,Key Generation,383,0.5847
ML-DSA-65,Key Generation,384,0.5897
ML-DSA-65,Key Generation,385,0.5846
ML-DSA-65,Key Generation,386,0.6008
ML-DSA-65,Key Generation,387,0.5833
ML-DSA-65,Key Generation,388,0.5926
ML-DSA-65,Key Generation,389,0.5954
ML-DSA-65,Key Generation,390,0.6714
ML-DSA-65,Key Generation,391,0.6239
ML-DSA-65,Key Generation,392,0.5966
ML-DSA-65,Key Generation,393,0.5836
ML-DSA-65,Key Generation,394,0.5801
ML-DSA-65,Key Generation,395,0.5888
ML-DSA-65,Key Generation,396,0.6005
ML-DSA-65,Key Generation,397,0.5872
ML-DSA-65,Key Generation,398,0.5868
ML-DSA-65,Key Generation,399,0.5952
ML-DSA-65,Key Generation,400,0.5887
ML-DSA-65,Key Generation,401,0.5841
ML-DSA-65,Key Generation,402,0.5787
ML-DSA-65,Key Generation,403,0.5982
ML-DSA-65,Key Generation,404,0.5921
ML-DSA-65,Key Generation,405,0.5814
ML-DSA-65,Key Generation,406,0.6319
ML-DSA-65,Key Generation,407,0.5849
ML-DSA-65,Key Generation,408,0.5902
ML-DSA-65,Key Generation,409,0.592
ML-DSA-65,Key Generation,410,0.5811
ML-DSA-65,Key Generation,411,0.5873
ML-DSA-65,Key Generation,412,0.5907
ML-DSA-65,Key Generation,413,0.6092
ML-DSA-65,Key Generation,414,0.5833
ML-DSA-65,Key Generation,415,0.5867
ML-DSA-65,Key Generation,416,0.7105
ML-DSA-65,Key Generation,417,0.6277
ML-DSA-65,Key Generation,418,0.5913
ML-DSA-65,Key Generation,419,0.6149
ML-DSA-65,Key Generation,420,0.5852
ML-DSA-65,Key Generation,421,0.588
ML-DSA-65,Key Generation,422,0.6015
ML-DSA-65,Key Generation,423,0.6017
ML-DSA-65,Key Generation,424,0.5884
ML-DSA-65,Key Generation,425,0.5934
ML-DSA-65,Key Generation,426,0.5994
ML-DSA-65,Key Generation,427,0.5956
ML-DSA-65,Key Generation,428,0.5867
ML-DSA-65,Key Generation,429,0.5945
ML-DSA-65,Key Generation,430,0.5915
ML-DSA-65,Key Generation,431,0.5864
ML-DSA-65,Key Generation,432,0.5832
ML-DSA-65,Key Generation,433,0.6013
ML-DSA-65,Key Generation,434,0.6201
ML-DSA-65,Key Generation,435,0.5934
ML-DSA-65,Key Generation,436,0.6617
ML-DSA-65,Key Generation,437,0.5857
ML-DSA-65,Key Generation,438,0.5784
ML-DSA-65,Key Generation,439,0.6043
ML-DSA-65,Key Generation,440,0.585
ML-DSA-65,Key Generation,441,0.5903
ML-DSA-65,Key Generation,442,0.7553
ML-DSA-65,Key Generation,443,0.7886
ML-DSA-65,Key Generation,444,0.5992
ML-DSA-65,Key Generation,445,0.6381
ML-DSA-65,Key Generation,446,0.5952
ML-DSA-65,Key Generation,447,0.6644
ML-DSA-65,Key Generation,448,0.6428
ML-DSA-65,Key Generation,449,0.5879
ML-DSA-65,Key Generation,450,0.6293
ML-DSA-65,Key Generation,451,0.6437
ML-DSA-65,Key Generation,452,0.5894
ML-DSA-65,Key Generation,453,0.6354
ML-DSA-65,Key Generation,454,0.5827
ML-DSA-65,Key Generation,455,0.6423
ML-DSA-65,Key Generation,456,0.6275
ML-DSA-65,Key Generation,457,0.5858
ML-DSA-65,Key Generation,458,0.635
ML-DSA-65,Key Generation,459,0.6105
ML-DSA-65,Key Generation,460,0.9904
ML-DSA-65,Key Generation,461,0.7714
ML-DSA-65,Key Generation,462,0.6509
ML-DSA-65,Key Generation,463,0.6596
ML-DSA-65,Key Generation,464,0.6469
ML-DSA-65,Key Generation,465,0.6517
ML-DSA-65,Key Generation,466,0.6634
ML-DSA-65,Key Generation,467,0.638
ML-DSA-65,Key Generation,468,0.6602
ML-DSA-65,Key Generation,469,0.6712
ML-DSA-65,Key Generation,470,0.6394
ML-DSA-65,Key Generation,471,0.6504
ML-DSA-65,Key Generation,472,0.7675
ML-DSA-65,Key Generation,473,0.6389
ML-DSA-65,Key Generation,474,0.6582
ML-DSA-65,Key Generation,475,0.6459
ML-DSA-65,Key Generation,476,0.645
ML-DSA-65,Key Generation,477,0.6606
ML-DSA-65,Key Generation,478,0.6527
ML-DSA-65,Key Generation,479,0.6338
ML-DSA-65,Key Generation,480,0.6494
ML-DSA-65,Key Generation,481,0.652
ML-DSA-65,Key Generation,482,0.6652
ML-DSA-65,Key Generation,483,0.6707
ML-DSA-65,Key Generation,484,0.6493
ML-DSA-65,Key Generation,485,1.0043
ML-DSA-65,Key Generation,486,0.6083
ML-DSA-65,Key Generation,487,0.6072
ML-DSA-65,Key Generation,488,0.592
ML-DSA-65,Key Generation,489,0.5917
ML-DSA-65,Key Generation,490,0.5967
ML-DSA-65,Key Generation,491,0.5932
ML-DSA-65,Key Generation,492,0.5861
ML-DSA-65,Key Generation,493,0.583
ML-DSA-65,Key Generation,494,0.6006
ML-DSA-65,Key Generation,495,0.5939
ML-DSA-65,Key Generation,496,0.5878
ML-DSA-65,Key Generation,497,0.6013
ML-DSA-65,Key Generation,498,0.5889
ML-DSA-65,Key Generation,499,0.5875
ML-DSA-65,Key Generation,500,0.6033
ML-DSA-65,Key Generation,501,0.5991
ML-DSA-65,Key Generation,502,0.5871
ML-DSA-65,Key Generation,503,0.5874
ML-DSA-65,Key Generation,504,0.5964
ML-DSA-65,Key Generation,505,0.5901
ML-DSA-65,Key Generation,506,0.5815
ML-DSA-65,Key Generation,507,0.599
ML-DSA-65,Key Generation,508,0.5896
ML-DSA-65,Key Generation,509,0.5939
ML-DSA-65,Key Generation,510,0.7011
ML-DSA-65,Key Generation,511,0.6131
ML-DSA-65,Key Generation,512,0.6271
ML-DSA-65,Key Generation,513,0.5817
ML-DSA-65,Key Generation,514,0.5952
ML-DSA-65,Key Generation,515,0.5871
ML-DSA-65,Key Generation,516,0.5842
ML-DSA-65,Key Generation,517,0.5999
ML-DSA-65,Key Generation,518,0.5836
ML-DSA-65,Key Generation,519,0.5864
ML-DSA-65,Key Generation,520,0.5926
ML-DSA-65,Key Generation,521,0.5915
ML-DSA-65,Key Generation,522,0.5841
ML-DSA-65,Key Generation,523,0.5946
ML-DSA-65,Key Generation,524,0.5921
ML-DSA-65,Key Generation,525,0.5846
ML-DSA-65,Key Generation,526,0.5894
ML-DSA-65,Key Generation,527,0.5992
ML-DSA-65,Key Generation,528,0.5874
ML-DSA-65,Key Generation,529,0.5831
ML-DSA-65,Key Generation,530,0.5839
ML-DSA-65,Key Generation,531,0.598
ML-DSA-65,Key Generation,532,0.586
ML-DSA-65,Key Generation,533,0.5858
ML-DSA-65,Key Generation,534,0.5934
ML-DSA-65,Key Generation,535,0.5808
ML-DSA-65,Key Generation,536,0.8872
ML-DSA-65,Key Generation,537,0.641
ML-DSA-65,Key Generation,538,0.6133
ML-DSA-65,Key Generation,539,0.6524
ML-DSA-65,Key Generation,540,0.6049
ML-DSA-65,Key Generation,541,0.6107
ML-DSA-65,Key Generation,542,0.6506
ML-DSA-65,Key Generation,543,0.6044
ML-DSA-65,Key Generation,544,0.6007
ML-DSA-65,Key Generation,545,0.6028
ML-DSA-65,Key Generation,546,0.6267
ML-DSA-65,Key Generation,547,0.6047
ML-DSA-65,Key Generation,548,0.6028
ML-DSA-65,Key Generation,549,0.6168
ML-DSA-65,Key Generation,550,0.6261
ML-DSA-65,Key Generation,551,0.61
ML-DSA-65,Key Generation,552,0.6215
ML-DSA-65,Key Generation,553,0.6095
ML-DSA-65,Key Generation,554,0.6076
ML-DSA-65,Key Generation,555,0.6249
ML-DSA-65,Key Generation,556,0.6079
ML-DSA-65,Key Generation,557,0.6022
ML-DSA-65,Key Generation,558,0.6069
ML-DSA-65,Key Generation,559,0.6189
ML-DSA-65,Key Generation,560,0.606
ML-DSA-65,Key Generation,561,0.607
ML-DSA-65,Key Generation,562,0.7641
ML-DSA-65,Key Generation,563,0.6158
ML-DSA-65,Key Generation,564,0.6041
ML-DSA-65,Key Generation,565,0.6236
ML-DSA-65,Key Generation,566,0.6481
ML-DSA-65,Key Generation,567,0.6109
ML-DSA-65,Key Generation,568,0.6124
ML-DSA-65,Key Generation,569,0.6017
ML-DSA-65,Key Generation,570,0.6074
ML-DSA-65,Key Generation,571,0.6126
ML-DSA-65,Key Generation,572,0.6053
ML-DSA-65,Key Generation,573,0.6017
ML-DSA-65,Key Generation,574,0.6197
ML-DSA-65,Key Generation,575,0.6123
ML-DSA-65,Key Generation,576,0.605
ML-DSA-65,Key Generation,577,0.6028
ML-DSA-65,Key Generation,578,0.6181
ML-DSA-65,Key Generation,579,0.6066
ML-DSA-65,Key Generation,580,0.6009
ML-DSA-65,Key Generation,581,0.6188
ML-DSA-65,Key Generation,582,0.6149
ML-DSA-65,Key Generation,583,0.6001
ML-DSA-65,Key Generation,584,0.6169
ML-DSA-65,Key Generation,585,0.6088
ML-DSA-65,Key Generation,586,0.6154
ML-DSA-65,Key Generation,587,0.668
ML-DSA-65,Key Generation,588,0.6406
ML-DSA-65,Key Generation,589,0.6172
ML-DSA-65,Key Generation,590,0.6406
ML-DSA-65,Key Generation,591,0.6156
ML-DSA-65,Key Generation,592,0.6163
ML-DSA-65,Key Generation,593,0.6794
ML-DSA-65,Key Generation,594,0.6042
ML-DSA-65,Key Generation,595,0.5875
ML-DSA-65,Key Generation,596,0.5922
ML-DSA-65,Key Generation,597,0.5875
ML-DSA-65,Key Generation,598,0.5919
ML-DSA-65,Key Generation,599,0.634
ML-DSA-65,Key Generation,600,0.6231
ML-DSA-65,Key Generation,601,0.5818
ML-DSA-65,Key Generation,602,0.5893
ML-DSA-65,Key Generation,603,0.5987
ML-DSA-65,Key Generation,604,0.5935
ML-DSA-65,Key Generation,605,0.5908
ML-DSA-65,Key Generation,606,0.5977
ML-DSA-65,Key Generation,607,0.5874
ML-DSA-65,Key Generation,608,0.5878
ML-DSA-65,Key Generation,609,0.5931
ML-DSA-65,Key Generation,610,0.7705
ML-DSA-65,Key Generation,611,0.6316
ML-DSA-65,Key Generation,612,0.6144
ML-DSA-65,Key Generation,613,0.7897
ML-DSA-65,Key Generation,614,0.5828
ML-DSA-65,Key Generation,615,0.5977
ML-DSA-65,Key Generation,616,0.5885
ML-DSA-65,Key Generation,617,0.5843
ML-DSA-65,Key Generation,618,0.5934
ML-DSA-65,Key Generation,619,0.5969
ML-DSA-65,Key Generation,620,0.6266
ML-DSA-65,Key Generation,621,0.5869
ML-DSA-65,Key Generation,622,0.5938
ML-DSA-65,Key Generation,623,0.5836
ML-DSA-65,Key Generation,624,0.5856
ML-DSA-65,Key Generation,625,0.5989
ML-DSA-65,Key Generation,626,0.5845
ML-DSA-65,Key Generation,627,0.5838
ML-DSA-65,Key Generation,628,0.5978
ML-DSA-65,Key Generation,629,0.5949
ML-DSA-65,Key Generation,630,0.5889
ML-DSA-65,Key Generation,631,0.5893
ML-DSA-65,Key Generation,632,0.598
ML-DSA-65,Key Generation,633,0.5831
ML-DSA-65,Key Generation,634,0.5862
ML-DSA-65,Key Generation,635,0.5844
ML-DSA-65,Key Generation,636,0.5929
ML-DSA-65,Key Generation,637,0.5851
ML-DSA-65,Key Generation,638,0.584
ML-DSA-65,Key Generation,639,0.6363
ML-DSA-65,Key Generation,640,0.606
ML-DSA-65,Key Generation,641,0.6053
ML-DSA-65,Key Generation,642,0.66
ML-DSA-65,Key Generation,643,0.6025
ML-DSA-65,Key Generation,644,0.6107
ML-DSA-65,Key Generation,645,0.7035
ML-DSA-65,Key Generation,646,0.6213
ML-DSA-65,Key Generation,647,0.6293
ML-DSA-65,Key Generation,648,0.6632
ML-DSA-65,Key Generation,649,0.6078
ML-DSA-65,Key Generation,650,0.6205
ML-DSA-65,Key Generation,651,0.6081
ML-DSA-65,Key Generation,652,0.6112
ML-DSA-65,Key Generation,653,0.6086
ML-DSA-65,Key Generation,654,0.6229
ML-DSA-65,Key Generation,655,0.613
ML-DSA-65,Key Generation,656,0.6078
ML-DSA-65,Key Generation,657,0.6205
ML-DSA-65,Key Generation,658,0.6147
ML-DSA-65,Key Generation,659,0.609
ML-DSA-65,Key Generation,660,0.6174
ML-DSA-65,Key Generation,661,0.6079
ML-DSA-65,Key Generation,662,0.6096
ML-DSA-65,Key Generation,663,0.7703
ML-DSA-65,Key Generation,664,1.4749
ML-DSA-65,Key Generation,665,0.802
ML-DSA-65,Key Generation,666,1.3495
ML-DSA-65,Key Generation,667,0.7318
ML-DSA-65,Key Generation,668,0.8122
ML-DSA-65,Key Generation,669,0.6329
ML-DSA-65,Key Generation,670,0.6244
ML-DSA-65,Key Generation,671,1.1378
ML-DSA-65,Key Generation,672,0.6338
ML-DSA-65,Key Generation,673,0.6155
ML-DSA-65,Key Generation,674,1.0253
ML-DSA-65,Key Generation,675,1.5062
ML-DSA-65,Key Generation,676,2.6804
ML-DSA-65,Key Generation,677,3.5885
ML-DSA-65,Key Generation,678,2.4874
ML-DSA-65,Key Generation,679,0.7782
ML-DSA-65,Key Generation,680,0.7396
ML-DSA-65,Key Generation,681,0.7067
ML-DSA-65,Key Generation,682,0.7149
ML-DSA-65,Key Generation,683,4.1721
ML-DSA-65,Key Generation,684,0.9217
ML-DSA-65,Key Generation,685,0.6198
ML-DSA-65,Key Generation,686,0.6135
ML-DSA-65,Key Generation,687,0.8405
ML-DSA-65,Key Generation,688,0.7236
ML-DSA-65,Key Generation,689,0.6786
ML-DSA-65,Key Generation,690,0.7332
ML-DSA-65,Key Generation,691,0.6815
ML-DSA-65,Key Generation,692,0.7414
ML-DSA-65,Key Generation,693,0.6866
ML-DSA-65,Key Generation,694,0.6694
ML-DSA-65,Key Generation,695,0.721
ML-DSA-65,Key Generation,696,0.6818
ML-DSA-65,Key Generation,697,0.6956
ML-DSA-65,Key Generation,698,0.6316
ML-DSA-65,Key Generation,699,0.6209
ML-DSA-65,Key Generation,700,0.625
ML-DSA-65,Key Generation,701,0.6283
ML-DSA-65,Key Generation,702,4.2992
ML-DSA-65,Key Generation,703,0.7627
ML-DSA-65,Key Generation,704,0.624
ML-DSA-65,Key Generation,705,0.6415
ML-DSA-65,Key Generation,706,0.673
ML-DSA-65,Key Generation,707,1.2201
ML-DSA-65,Key Generation,708,0.74
ML-DSA-65,Key Generation,709,0.6762
ML-DSA-65,Key Generation,710,0.6442
ML-DSA-65,Key Generation,711,0.6851
ML-DSA-65,Key Generation,712,0.7045
ML-DSA-65,Key Generation,713,0.6926
ML-DSA-65,Key Generation,714,0.686
ML-DSA-65,Key Generation,715,0.6801
ML-DSA-65,Key Generation,716,0.8368
ML-DSA-65,Key Generation,717,0.7137
ML-DSA-65,Key Generation,718,0.6713
ML-DSA-65,Key Generation,719,0.6865
ML-DSA-65,Key Generation,720,4.1168
ML-DSA-65,Key Generation,721,0.9289
ML-DSA-65,Key Generation,722,0.6164
ML-DSA-65,Key Generation,723,0.6361
ML-DSA-65,Key Generation,724,0.6869
ML-DSA-65,Key Generation,725,0.6073
ML-DSA-65,Key Generation,726,1.083
ML-DSA-65,Key Generation,727,0.5972
ML-DSA-65,Key Generation,728,0.6243
ML-DSA-65,Key Generation,729,0.5899
ML-DSA-65,Key Generation,730,0.5841
ML-DSA-65,Key Generation,731,0.5907
ML-DSA-65,Key Generation,732,0.5992
ML-DSA-65,Key Generation,733,0.5939
ML-DSA-65,Key Generation,734,0.5934
ML-DSA-65,Key Generation,735,0.5938
ML-DSA-65,Key Generation,736,0.5915
ML-DSA-65,Key Generation,737,0.5849
ML-DSA-65,Key Generation,738,0.5811
ML-DSA-65,Key Generation,739,0.603
ML-DSA-65,Key Generation,740,0.8487
ML-DSA-65,Key Generation,741,1.9045
ML-DSA-65,Key Generation,742,0.7939
ML-DSA-65,Key Generation,743,0.7093
ML-DSA-65,Key Generation,744,0.639
ML-DSA-65,Key Generation,745,0.6109
ML-DSA-65,Key Generation,746,0.6205
ML-DSA-65,Key Generation,747,0.6061
ML-DSA-65,Key Generation,748,0.6078
ML-DSA-65,Key Generation,749,0.6174
ML-DSA-65,Key Generation,750,0.6088
ML-DSA-65,Key Generation,751,0.6054
ML-DSA-65,Key Generation,752,0.6176
ML-DSA-65,Key Generation,753,0.6363
ML-DSA-65,Key Generation,754,0.605
ML-DSA-65,Key Generation,755,0.6091
ML-DSA-65,Key Generation,756,0.6192
ML-DSA-65,Key Generation,757,0.6121
ML-DSA-65,Key Generation,758,0.608
ML-DSA-65,Key Generation,759,0.6186
ML-DSA-65,Key Generation,760,0.5996
ML-DSA-65,Key Generation,761,0.6047
ML-DSA-65,Key Generation,762,0.6169
ML-DSA-65,Key Generation,763,0.6081
ML-DSA-65,Key Generation,764,3.9507
ML-DSA-65,Key Generation,765,0.7703
ML-DSA-65,Key Generation,766,0.648
ML-DSA-65,Key Generation,767,0.6347
ML-DSA-65,Key Generation,768,0.6283
ML-DSA-65,Key Generation,769,0.6349
ML-DSA-65,Key Generation,770,2.0335
ML-DSA-65,Key Generation,771,0.7639
ML-DSA-65,Key Generation,772,0.6274
ML-DSA-65,Key Generation,773,0.623
ML-DSA-65,Key Generation,774,0.61
ML-DSA-65,Key Generation,775,0.6093
ML-DSA-65,Key Generation,776,0.6273
ML-DSA-65,Key Generation,777,0.6123
ML-DSA-65,Key Generation,778,0.6102
ML-DSA-65,Key Generation,779,0.602
ML-DSA-65,Key Generation,780,0.6204
ML-DSA-65,Key Generation,781,0.6076
ML-DSA-65,Key Generation,782,0.6111
ML-DSA-65,Key Generation,783,2.6947
ML-DSA-65,Key Generation,784,0.8676
ML-DSA-65,Key Generation,785,0.6693
ML-DSA-65,Key Generation,786,0.6196
ML-DSA-65,Key Generation,787,0.6147
ML-DSA-65,Key Generation,788,0.6237
ML-DSA-65,Key Generation,789,0.6187
ML-DSA-65,Key Generation,790,0.6174
ML-DSA-65,Key Generation,791,0.6113
ML-DSA-65,Key Generation,792,0.6246
ML-DSA-65,Key Generation,793,0.6138
ML-DSA-65,Key Generation,794,0.6107
ML-DSA-65,Key Generation,795,0.6253
ML-DSA-65,Key Generation,796,0.6194
ML-DSA-65,Key Generation,797,0.6109
ML-DSA-65,Key Generation,798,0.6334
ML-DSA-65,Key Generation,799,0.619
ML-DSA-65,Key Generation,800,0.6124
ML-DSA-65,Key Generation,801,0.6201
ML-DSA-65,Key Generation,802,0.6081
ML-DSA-65,Key Generation,803,0.6037
ML-DSA-65,Key Generation,804,0.6305
ML-DSA-65,Key Generation,805,0.6371
ML-DSA-65,Key Generation,806,2.8136
ML-DSA-65,Key Generation,807,0.8809
ML-DSA-65,Key Generation,808,0.6853
ML-DSA-65,Key Generation,809,0.6151
ML-DSA-65,Key Generation,810,0.6152
ML-DSA-65,Key Generation,811,0.6441
ML-DSA-65,Key Generation,812,0.6153
ML-DSA-65,Key Generation,813,0.6144
ML-DSA-65,Key Generation,814,0.6256
ML-DSA-65,Key Generation,815,0.6095
ML-DSA-65,Key Generation,816,0.6036
ML-DSA-65,Key Generation,817,0.6182
ML-DSA-65,Key Generation,818,0.621
ML-DSA-65,Key Generation,819,0.6116
ML-DSA-65,Key Generation,820,0.6078
ML-DSA-65,Key Generation,821,0.684
ML-DSA-65,Key Generation,822,0.6071
ML-DSA-65,Key Generation,823,0.6071
ML-DSA-65,Key Generation,824,0.6305
ML-DSA-65,Key Generation,825,0.6119
ML-DSA-65,Key Generation,826,0.6126
ML-DSA-65,Key Generation,827,0.6191
ML-DSA-65,Key Generation,828,0.6025
ML-DSA-65,Key Generation,829,2.9078
ML-DSA-65,Key Generation,830,0.8118
ML-DSA-65,Key Generation,831,0.6627
ML-DSA-65,Key Generation,832,0.6174
ML-DSA-65,Key Generation,833,0.6091
ML-DSA-65,Key Generation,834,0.6289
ML-DSA-65,Key Generation,835,0.6182
ML-DSA-65,Key Generation,836,0.6099
ML-DSA-65,Key Generation,837,0.6312
ML-DSA-65,Key Generation,838,0.6096
ML-DSA-65,Key Generation,839,0.6185
ML-DSA-65,Key Generation,840,0.6161
ML-DSA-65,Key Generation,841,0.6218
ML-DSA-65,Key Generation,842,0.6083
ML-DSA-65,Key Generation,843,0.6075
ML-DSA-65,Key Generation,844,0.6162
ML-DSA-65,Key Generation,845,0.6063
ML-DSA-65,Key Generation,846,0.6079
ML-DSA-65,Key Generation,847,0.6148
ML-DSA-65,Key Generation,848,0.6115
ML-DSA-65,Key Generation,849,0.6139
ML-DSA-65,Key Generation,850,0.615
ML-DSA-65,Key Generation,851,0.6064
ML-DSA-65,Key Generation,852,4.1255
ML-DSA-65,Key Generation,853,0.8338
ML-DSA-65,Key Generation,854,0.6976
ML-DSA-65,Key Generation,855,0.6151
ML-DSA-65,Key Generation,856,0.6155
ML-DSA-65,Key Generation,857,0.6322
ML-DSA-65,Key Generation,858,0.6212
ML-DSA-65,Key Generation,859,0.9859
ML-DSA-65,Key Generation,860,0.6141
ML-DSA-65,Key Generation,861,0.6083
ML-DSA-65,Key Generation,862,0.6115
ML-DSA-65,Key Generation,863,0.6197
ML-DSA-65,Key Generation,864,0.6091
ML-DSA-65,Key Generation,865,0.6161
ML-DSA-65,Key Generation,866,0.6204
ML-DSA-65,Key Generation,867,0.6054
ML-DSA-65,Key Generation,868,0.6141
ML-DSA-65,Key Generation,869,0.6177
ML-DSA-65,Key Generation,870,0.6167
ML-DSA-65,Key Generation,871,0.6141
ML-DSA-65,Key Generation,872,2.8409
ML-DSA-65,Key Generation,873,0.7928
ML-DSA-65,Key Generation,874,0.6866
ML-DSA-65,Key Generation,875,0.6297
ML-DSA-65,Key Generation,876,0.6865
ML-DSA-65,Key Generation,877,0.6556
ML-DSA-65,Key Generation,878,0.6165
ML-DSA-65,Key Generation,879,0.6086
ML-DSA-65,Key Generation,880,0.6196
ML-DSA-65,Key Generation,881,0.6257
ML-DSA-65,Key Generation,882,0.6083
ML-DSA-65,Key Generation,883,0.615
ML-DSA-65,Key Generation,884,0.6425
ML-DSA-65,Key Generation,885,0.6157
ML-DSA-65,Key Generation,886,0.6026
ML-DSA-65,Key Generation,887,0.619
ML-DSA-65,Key Generation,888,0.6032
ML-DSA-65,Key Generation,889,0.6422
ML-DSA-65,Key Generation,890,0.6273
ML-DSA-65,Key Generation,891,0.6089
ML-DSA-65,Key Generation,892,0.6039
ML-DSA-65,Key Generation,893,0.6298
ML-DSA-65,Key Generation,894,0.6112
ML-DSA-65,Key Generation,895,2.9143
ML-DSA-65,Key Generation,896,0.755
ML-DSA-65,Key Generation,897,0.9078
ML-DSA-65,Key Generation,898,0.6185
ML-DSA-65,Key Generation,899,0.6374
ML-DSA-65,Key Generation,900,0.6941
ML-DSA-65,Key Generation,901,0.6282
ML-DSA-65,Key Generation,902,0.6137
ML-DSA-65,Key Generation,903,0.6232
ML-DSA-65,Key Generation,904,0.6045
ML-DSA-65,Key Generation,905,0.628
ML-DSA-65,Key Generation,906,0.6294
ML-DSA-65,Key Generation,907,0.6262
ML-DSA-65,Key Generation,908,0.6128
ML-DSA-65,Key Generation,909,0.623
ML-DSA-65,Key Generation,910,0.6104
ML-DSA-65,Key Generation,911,0.6098
ML-DSA-65,Key Generation,912,0.622
ML-DSA-65,Key Generation,913,0.6252
ML-DSA-65,Key Generation,914,0.6076
ML-DSA-65,Key Generation,915,0.6194
ML-DSA-65,Key Generation,916,0.6323
ML-DSA-65,Key Generation,917,1.3083
ML-DSA-65,Key Generation,918,1.0642
ML-DSA-65,Key Generation,919,0.7454
ML-DSA-65,Key Generation,920,0.6457
ML-DSA-65,Key Generation,921,0.6079
ML-DSA-65,Key Generation,922,0.6051
ML-DSA-65,Key Generation,923,0.6182
ML-DSA-65,Key Generation,924,0.6111
ML-DSA-65,Key Generation,925,0.6042
ML-DSA-65,Key Generation,926,0.6158
ML-DSA-65,Key Generation,927,0.6256
ML-DSA-65,Key Generation,928,0.6081
ML-DSA-65,Key Generation,929,0.6054
ML-DSA-65,Key Generation,930,0.6162
ML-DSA-65,Key Generation,931,0.6207
ML-DSA-65,Key Generation,932,0.6273
ML-DSA-65,Key Generation,933,0.6153
ML-DSA-65,Key Generation,934,0.6076
ML-DSA-65,Key Generation,935,0.6015
ML-DSA-65,Key Generation,936,0.6157
ML-DSA-65,Key Generation,937,0.6097
ML-DSA-65,Key Generation,938,0.6049
ML-DSA-65,Key Generation,939,0.6102
ML-DSA-65,Key Generation,940,0.6859
ML-DSA-65,Key Generation,941,0.614
ML-DSA-65,Key Generation,942,1.5424
ML-DSA-65,Key Generation,943,0.8165
ML-DSA-65,Key Generation,944,0.7082
ML-DSA-65,Key Generation,945,0.6903
ML-DSA-65,Key Generation,946,0.6116
ML-DSA-65,Key Generation,947,0.6125
ML-DSA-65,Key Generation,948,0.634
ML-DSA-65,Key Generation,949,0.609
ML-DSA-65,Key Generation,950,0.6139
ML-DSA-65,Key Generation,951,0.6209
ML-DSA-65,Key Generation,952,0.6077
ML-DSA-65,Key Generation,953,0.6092
ML-DSA-65,Key Generation,954,0.6357
ML-DSA-65,Key Generation,955,0.6032
ML-DSA-65,Key Generation,956,0.6034
ML-DSA-65,Key Generation,957,0.6046
ML-DSA-65,Key Generation,958,0.6223
ML-DSA-65,Key Generation,959,0.6084
ML-DSA-65,Key Generation,960,0.6059
ML-DSA-65,Key Generation,961,0.6177
ML-DSA-65,Key Generation,962,0.6114
ML-DSA-65,Key Generation,963,0.6114
ML-DSA-65,Key Generation,964,0.6184
ML-DSA-65,Key Generation,965,0.6128
ML-DSA-65,Key Generation,966,0.683
ML-DSA-65,Key Generation,967,1.0381
ML-DSA-65,Key Generation,968,1.0043
ML-DSA-65,Key Generation,969,0.7083
ML-DSA-65,Key Generation,970,0.6858
ML-DSA-65,Key Generation,971,0.621
ML-DSA-65,Key Generation,972,0.6093
ML-DSA-65,Key Generation,973,0.6037
ML-DSA-65,Key Generation,974,0.6207
ML-DSA-65,Key Generation,975,0.6046
ML-DSA-65,Key Generation,976,0.6221
ML-DSA-65,Key Generation,977,0.6222
ML-DSA-65,Key Generation,978,0.5989
ML-DSA-65,Key Generation,979,0.5965
ML-DSA-65,Key Generation,980,0.6115
ML-DSA-65,Key Generation,981,0.6093
ML-DSA-65,Key Generation,982,0.6105
ML-DSA-65,Key Generation,983,0.6169
ML-DSA-65,Key Generation,984,0.6086
ML-DSA-65,Key Generation,985,0.6061
ML-DSA-65,Key Generation,986,0.5998
ML-DSA-65,Key Generation,987,0.6147
ML-DSA-65,Key Generation,988,0.6114
ML-DSA-65,Key Generation,989,0.6038
ML-DSA-65,Key Generation,990,0.6677
ML-DSA-65,Key Generation,991,0.6001
ML-DSA-65,Key Generation,992,1.7249
ML-DSA-65,Key Generation,993,0.8265
ML-DSA-65,Key Generation,994,0.7089
ML-DSA-65,Key Generation,995,0.7126
ML-DSA-65,Key Generation,996,0.6138
ML-DSA-65,Key Generation,997,0.622
ML-DSA-65,Key Generation,998,0.6324
ML-DSA-65,Key Generation,999,0.5994
ML-DSA-65,Key Generation,1000,0.6085
ML-DSA-65,Signing,1,5.0326
ML-DSA-65,Signing,2,0.95
ML-DSA-65,Signing,3,0.8386
ML-DSA-65,Signing,4,1.1783
ML-DSA-65,Signing,5,1.9795
ML-DSA-65,Signing,6,4.4722
ML-DSA-65,Signing,7,3.8318
ML-DSA-65,Signing,8,1.5267
ML-DSA-65,Signing,9,46.7425
ML-DSA-65,Signing,10,5.8393
ML-DSA-65,Signing,11,2.7291
ML-DSA-65,Signing,12,0.9601
ML-DSA-65,Signing,13,1.2137
ML-DSA-65,Signing,14,1.1793
ML-DSA-65,Signing,15,1.6282
ML-DSA-65,Signing,16,2.2398
ML-DSA-65,Signing,17,2.5295
ML-DSA-65,Signing,18,44.6974
ML-DSA-65,Signing,19,2.3117
ML-DSA-65,Signing,20,2.5295
ML-DSA-65,Signing,21,1.7704
ML-DSA-65,Signing,22,1.3945
ML-DSA-65,Signing,23,2.2815
ML-DSA-65,Signing,24,29.0318
ML-DSA-65,Signing,25,3.2524
ML-DSA-65,Signing,26,2.7939
ML-DSA-65,Signing,27,1.3612
ML-DSA-65,Signing,28,2.2964
ML-DSA-65,Signing,29,1.3923
ML-DSA-65,Signing,30,1.0198
ML-DSA-65,Signing,31,3.2928
ML-DSA-65,Signing,32,2.7533
ML-DSA-65,Signing,33,0.8174
ML-DSA-65,Signing,34,1.9325
ML-DSA-65,Signing,35,5.112
ML-DSA-65,Signing,36,1.0919
ML-DSA-65,Signing,37,1.0294
ML-DSA-65,Signing,38,1.2158
ML-DSA-65,Signing,39,0.8146
ML-DSA-65,Signing,40,1.1861
ML-DSA-65,Signing,41,0.9743
ML-DSA-65,Signing,42,1.5128
ML-DSA-65,Signing,43,1.2261
ML-DSA-65,Signing,44,3.0961
ML-DSA-65,Signing,45,1.4094
ML-DSA-65,Signing,46,1.4875
ML-DSA-65,Signing,47,1.2853
ML-DSA-65,Signing,48,1.1855
ML-DSA-65,Signing,49,1.4219
ML-DSA-65,Signing,50,0.8106
ML-DSA-65,Signing,51,1.8392
ML-DSA-65,Signing,52,0.8006
ML-DSA-65,Signing,53,1.1276
ML-DSA-65,Signing,54,1.9939
ML-DSA-65,Signing,55,4.0337
ML-DSA-65,Signing,56,2.3901
ML-DSA-65,Signing,57,1.5647
ML-DSA-65,Signing,58,2.2595
ML-DSA-65,Signing,59,0.8597
ML-DSA-65,Signing,60,0.9673
ML-DSA-65,Signing,61,1.1794
ML-DSA-65,Signing,62,1.2012
ML-DSA-65,Signing,63,2.6225
ML-DSA-65,Signing,64,0.7924
ML-DSA-65,Signing,65,0.9725
ML-DSA-65,Signing,66,4.6888
ML-DSA-65,Signing,67,2.1165
ML-DSA-65,Signing,68,1.2047
ML-DSA-65,Signing,69,1.0132
ML-DSA-65,Signing,70,1.3838
ML-DSA-65,Signing,71,1.4036
ML-DSA-65,Signing,72,0.8762
ML-DSA-65,Signing,73,1.5014
ML-DSA-65,Signing,74,0.9985
ML-DSA-65,Signing,75,1.7445
ML-DSA-65,Signing,76,0.7985
ML-DSA-65,Signing,77,1.2666
ML-DSA-65,Signing,78,4.1825
ML-DSA-65,Signing,79,1.3333
ML-DSA-65,Signing,80,0.8045
ML-DSA-65,Signing,81,1.6031
ML-DSA-65,Signing,82,2.6954
ML-DSA-65,Signing,83,0.8061
ML-DSA-65,Signing,84,1.9471
ML-DSA-65,Signing,85,0.7977
ML-DSA-65,Signing,86,1.3437
ML-DSA-65,Signing,87,1.0025
ML-DSA-65,Signing,88,4.7234
ML-DSA-65,Signing,89,0.9491
ML-DSA-65,Signing,90,0.9713
ML-DSA-65,Signing,91,0.9996
ML-DSA-65,Signing,92,1.7912
ML-DSA-65,Signing,93,1.179
ML-DSA-65,Signing,94,2.1172
ML-DSA-65,Signing,95,0.9951
ML-DSA-65,Signing,96,0.8228
ML-DSA-65,Signing,97,0.7899
ML-DSA-65,Signing,98,1.5418
ML-DSA-65,Signing,99,2.2247
ML-DSA-65,Signing,100,1.4515
ML-DSA-65,Signing,101,0.9036
ML-DSA-65,Signing,102,1.3535
ML-DSA-65,Signing,103,0.9707
ML-DSA-65,Signing,104,2.3522
ML-DSA-65,Signing,105,2.4128
ML-DSA-65,Signing,106,0.8199
ML-DSA-65,Signing,107,2.5189
ML-DSA-65,Signing,108,1.1745
ML-DSA-65,Signing,109,1.7752
ML-DSA-65,Signing,110,2.5453
ML-DSA-65,Signing,111,1.4854
ML-DSA-65,Signing,112,1.346
ML-DSA-65,Signing,113,1.0029
ML-DSA-65,Signing,114,1.5322
ML-DSA-65,Signing,115,4.1844
ML-DSA-65,Signing,116,1.0119
ML-DSA-65,Signing,117,0.7945
ML-DSA-65,Signing,118,1.175
ML-DSA-65,Signing,119,1.6686
ML-DSA-65,Signing,120,3.5043
ML-DSA-65,Signing,121,1.5301
ML-DSA-65,Signing,122,1.1747
ML-DSA-65,Signing,123,0.8121
ML-DSA-65,Signing,124,1.3683
ML-DSA-65,Signing,125,0.8195
ML-DSA-65,Signing,126,1.7015
ML-DSA-65,Signing,127,1.194
ML-DSA-65,Signing,128,1.3365
ML-DSA-65,Signing,129,6.4414
ML-DSA-65,Signing,130,1.8295
ML-DSA-65,Signing,131,0.965
ML-DSA-65,Signing,132,2.8213
ML-DSA-65,Signing,133,0.9942
ML-DSA-65,Signing,134,1.3812
ML-DSA-65,Signing,135,2.2773
ML-DSA-65,Signing,136,0.7974
ML-DSA-65,Signing,137,1.2449
ML-DSA-65,Signing,138,3.8684
ML-DSA-65,Signing,139,2.265
ML-DSA-65,Signing,140,1.6546
ML-DSA-65,Signing,141,1.3195
ML-DSA-65,Signing,142,1.9937
ML-DSA-65,Signing,143,2.8099
ML-DSA-65,Signing,144,2.2362
ML-DSA-65,Signing,145,2.0503
ML-DSA-65,Signing,146,3.2927
ML-DSA-65,Signing,147,1.2827
ML-DSA-65,Signing,148,1.887
ML-DSA-65,Signing,149,2.0215
ML-DSA-65,Signing,150,1.3564
ML-DSA-65,Signing,151,0.9786
ML-DSA-65,Signing,152,2.566
ML-DSA-65,Signing,153,1.1733
ML-DSA-65,Signing,154,1.3448
ML-DSA-65,Signing,155,1.4809
ML-DSA-65,Signing,156,0.999
ML-DSA-65,Signing,157,0.8562
ML-DSA-65,Signing,158,0.9665
ML-DSA-65,Signing,159,0.9828
ML-DSA-65,Signing,160,0.9278
ML-DSA-65,Signing,161,0.9789
ML-DSA-65,Signing,162,0.7619
ML-DSA-65,Signing,163,0.8295
ML-DSA-65,Signing,164,0.7721
ML-DSA-65,Signing,165,3.7053
ML-DSA-65,Signing,166,1.922
ML-DSA-65,Signing,167,2.3126
ML-DSA-65,Signing,168,2.9619
ML-DSA-65,Signing,169,2.2215
ML-DSA-65,Signing,170,1.452
ML-DSA-65,Signing,171,1.8953
ML-DSA-65,Signing,172,1.498
ML-DSA-65,Signing,173,0.7698
ML-DSA-65,Signing,174,3.9342
ML-DSA-65,Signing,175,1.7703
ML-DSA-65,Signing,176,1.6809
ML-DSA-65,Signing,177,2.4256
ML-DSA-65,Signing,178,1.5697
ML-DSA-65,Signing,179,0.7894
ML-DSA-65,Signing,180,3.2562
ML-DSA-65,Signing,181,4.1465
ML-DSA-65,Signing,182,4.6292
ML-DSA-65,Signing,183,1.572
ML-DSA-65,Signing,184,2.2659
ML-DSA-65,Signing,185,0.9954
ML-DSA-65,Signing,186,4.235
ML-DSA-65,Signing,187,8.1255
ML-DSA-65,Signing,188,1.2221
ML-DSA-65,Signing,189,1.107
ML-DSA-65,Signing,190,1.2415
ML-DSA-65,Signing,191,0.9591
ML-DSA-65,Signing,192,1.0847
ML-DSA-65,Signing,193,4.1069
ML-DSA-65,Signing,194,1.0106
ML-DSA-65,Signing,195,4.8607
ML-DSA-65,Signing,196,1.2899
ML-DSA-65,Signing,197,2.3437
ML-DSA-65,Signing,198,1.8386
ML-DSA-65,Signing,199,1.4086
ML-DSA-65,Signing,200,1.3734
ML-DSA-65,Signing,201,0.8928
ML-DSA-65,Signing,202,3.6178
ML-DSA-65,Signing,203,2.6085
ML-DSA-65,Signing,204,1.7826
ML-DSA-65,Signing,205,1.3579
ML-DSA-65,Signing,206,1.1529
ML-DSA-65,Signing,207,1.5753
ML-DSA-65,Signing,208,1.035
ML-DSA-65,Signing,209,3.7218
ML-DSA-65,Signing,210,1.3539
ML-DSA-65,Signing,211,1.46
ML-DSA-65,Signing,212,1.4254
ML-DSA-65,Signing,213,2.0148
ML-DSA-65,Signing,214,1.24
ML-DSA-65,Signing,215,2.5759
ML-DSA-65,Signing,216,1.1868
ML-DSA-65,Signing,217,1.0907
ML-DSA-65,Signing,218,1.1983
ML-DSA-65,Signing,219,0.9881
ML-DSA-65,Signing,220,1.5603
ML-DSA-65,Signing,221,1.8175
ML-DSA-65,Signing,222,1.7334
ML-DSA-65,Signing,223,4.344
ML-DSA-65,Signing,224,1.8178
ML-DSA-65,Signing,225,0.9509
ML-DSA-65,Signing,226,1.9609
ML-DSA-65,Signing,227,3.1547
ML-DSA-65,Signing,228,1.2935
ML-DSA-65,Signing,229,0.8234
ML-DSA-65,Signing,230,1.7373
ML-DSA-65,Signing,231,1.7066
ML-DSA-65,Signing,232,3.6019
ML-DSA-65,Signing,233,1.4605
ML-DSA-65,Signing,234,1.967
ML-DSA-65,Signing,235,3.1721
ML-DSA-65,Signing,236,1.8219
ML-DSA-65,Signing,237,1.2859
ML-DSA-65,Signing,238,1.2059
ML-DSA-65,Signing,239,1.2628
ML-DSA-65,Signing,240,0.8151
ML-DSA-65,Signing,241,1.4665
ML-DSA-65,Signing,242,1.6243
ML-DSA-65,Signing,243,1.4409
ML-DSA-65,Signing,244,2.3969
ML-DSA-65,Signing,245,1.3434
ML-DSA-65,Signing,246,2.334
ML-DSA-65,Signing,247,0.8499
ML-DSA-65,Signing,248,1.5372
ML-DSA-65,Signing,249,0.8828
ML-DSA-65,Signing,250,2.0314
ML-DSA-65,Signing,251,5.244
ML-DSA-65,Signing,252,5.1341
ML-DSA-65,Signing,253,2.4164
ML-DSA-65,Signing,254,2.237
ML-DSA-65,Signing,255,0.8897
ML-DSA-65,Signing,256,4.6426
ML-DSA-65,Signing,257,4.4768
ML-DSA-65,Signing,258,0.9431
ML-DSA-65,Signing,259,1.9774
ML-DSA-65,Signing,260,0.986
ML-DSA-65,Signing,261,2.4017
ML-DSA-65,Signing,262,1.1514
ML-DSA-65,Signing,263,1.3262
ML-DSA-65,Signing,264,2.5598
ML-DSA-65,Signing,265,3.6352
ML-DSA-65,Signing,266,1.0472
ML-DSA-65,Signing,267,0.8373
ML-DSA-65,Signing,268,1.9509
ML-DSA-65,Signing,269,1.0082
ML-DSA-65,Signing,270,1.1417
ML-DSA-65,Signing,271,1.2108
ML-DSA-65,Signing,272,2.1192
ML-DSA-65,Signing,273,4.4801
ML-DSA-65,Signing,274,1.0816
ML-DSA-65,Signing,275,0.9927
ML-DSA-65,Signing,276,3.0801
ML-DSA-65,Signing,277,2.1588
ML-DSA-65,Signing,278,1.54
ML-DSA-65,Signing,279,1.4953
ML-DSA-65,Signing,280,2.3131
ML-DSA-65,Signing,281,0.7912
ML-DSA-65,Signing,282,2.7472
ML-DSA-65,Signing,283,1.1011
ML-DSA-65,Signing,284,0.83
ML-DSA-65,Signing,285,1.7782
ML-DSA-65,Signing,286,0.7985
ML-DSA-65,Signing,287,1.0077
ML-DSA-65,Signing,288,1.5251
ML-DSA-65,Signing,289,3.7531
ML-DSA-65,Signing,290,1.1565
ML-DSA-65,Signing,291,2.1161
ML-DSA-65,Signing,292,4.4237
ML-DSA-65,Signing,293,2.1146
ML-DSA-65,Signing,294,1.2222
ML-DSA-65,Signing,295,1.2223
ML-DSA-65,Signing,296,1.1643
ML-DSA-65,Signing,297,2.4903
ML-DSA-65,Signing,298,1.1825
ML-DSA-65,Signing,299,1.0063
ML-DSA-65,Signing,300,0.8306
ML-DSA-65,Signing,301,2.736
ML-DSA-65,Signing,302,1.285
ML-DSA-65,Signing,303,1.9064
ML-DSA-65,Signing,304,1.9198
ML-DSA-65,Signing,305,0.8139
ML-DSA-65,Signing,306,2.6244
ML-DSA-65,Signing,307,0.9658
ML-DSA-65,Signing,308,2.097
ML-DSA-65,Signing,309,1.6883
ML-DSA-65,Signing,310,1.1738
ML-DSA-65,Signing,311,4.0172
ML-DSA-65,Signing,312,1.316
ML-DSA-65,Signing,313,2.0874
ML-DSA-65,Signing,314,1.6647
ML-DSA-65,Signing,315,1.2427
ML-DSA-65,Signing,316,1.7813
ML-DSA-65,Signing,317,2.681
ML-DSA-65,Signing,318,1.1314
ML-DSA-65,Signing,319,1.8693
ML-DSA-65,Signing,320,1.244
ML-DSA-65,Signing,321,1.9313
ML-DSA-65,Signing,322,0.8377
ML-DSA-65,Signing,323,1.3914
ML-DSA-65,Signing,324,1.1606
ML-DSA-65,Signing,325,1.9209
ML-DSA-65,Signing,326,1.1888
ML-DSA-65,Signing,327,1.6093
ML-DSA-65,Signing,328,1.7044
ML-DSA-65,Signing,329,2.6241
ML-DSA-65,Signing,330,1.8956
ML-DSA-65,Signing,331,3.1722
ML-DSA-65,Signing,332,1.5203
ML-DSA-65,Signing,333,2.9141
ML-DSA-65,Signing,334,1.0997
ML-DSA-65,Signing,335,1.1408
ML-DSA-65,Signing,336,1.9211
ML-DSA-65,Signing,337,0.964
ML-DSA-65,Signing,338,1.098
ML-DSA-65,Signing,339,3.507
ML-DSA-65,Signing,340,3.043
ML-DSA-65,Signing,341,1.1694
ML-DSA-65,Signing,342,1.5107
ML-DSA-65,Signing,343,0.9207
ML-DSA-65,Signing,344,3.3826
ML-DSA-65,Signing,345,0.7747
ML-DSA-65,Signing,346,1.49
ML-DSA-65,Signing,347,1.33
ML-DSA-65,Signing,348,2.7656
ML-DSA-65,Signing,349,1.5673
ML-DSA-65,Signing,350,1.5011
ML-DSA-65,Signing,351,0.8217
ML-DSA-65,Signing,352,0.8021
ML-DSA-65,Signing,353,1.5429
ML-DSA-65,Signing,354,0.8025
ML-DSA-65,Signing,355,2.3198
ML-DSA-65,Signing,356,1.0074
ML-DSA-65,Signing,357,1.6659
ML-DSA-65,Signing,358,0.7867
ML-DSA-65,Signing,359,3.5231
ML-DSA-65,Signing,360,4.6581
ML-DSA-65,Signing,361,1.0074
ML-DSA-65,Signing,362,0.9272
ML-DSA-65,Signing,363,1.7718
ML-DSA-65,Signing,364,1.2702
ML-DSA-65,Signing,365,1.2985
ML-DSA-65,Signing,366,7.6436
ML-DSA-65,Signing,367,0.9144
ML-DSA-65,Signing,368,1.1124
ML-DSA-65,Signing,369,1.2292
ML-DSA-65,Signing,370,2.1809
ML-DSA-65,Signing,371,1.3544
ML-DSA-65,Signing,372,0.8157
ML-DSA-65,Signing,373,1.1599
ML-DSA-65,Signing,374,1.1827
ML-DSA-65,Signing,375,1.7918
ML-DSA-65,Signing,376,1.3998
ML-DSA-65,Signing,377,3.912
ML-DSA-65,Signing,378,1.1976
ML-DSA-65,Signing,379,2.0973
ML-DSA-65,Signing,380,1.288
ML-DSA-65,Signing,381,1.1329
ML-DSA-65,Signing,382,1.4791
ML-DSA-65,Signing,383,0.775
ML-DSA-65,Signing,384,2.8109
ML-DSA-65,Signing,385,0.7875
ML-DSA-65,Signing,386,1.0684
ML-DSA-65,Signing,387,3.5273
ML-DSA-65,Signing,388,4.3911
ML-DSA-65,Signing,389,0.7841
ML-DSA-65,Signing,390,2.0811
ML-DSA-65,Signing,391,1.4478
ML-DSA-65,Signing,392,1.2506
ML-DSA-65,Signing,393,0.9242
ML-DSA-65,Signing,394,0.9398
ML-DSA-65,Signing,395,2.2354
ML-DSA-65,Signing,396,2.374
ML-DSA-65,Signing,397,3.635
ML-DSA-65,Signing,398,2.0967
ML-DSA-65,Signing,399,0.8346
ML-DSA-65,Signing,400,3.0278
ML-DSA-65,Signing,401,1.4483
ML-DSA-65,Signing,402,2.0058
ML-DSA-65,Signing,403,1.9003
ML-DSA-65,Signing,404,2.9545
ML-DSA-65,Signing,405,2.6141
ML-DSA-65,Signing,406,2.1649
ML-DSA-65,Signing,407,1.2439
ML-DSA-65,Signing,408,2.7679
ML-DSA-65,Signing,409,0.7692
ML-DSA-65,Signing,410,2.4344
ML-DSA-65,Signing,411,4.4798
ML-DSA-65,Signing,412,2.5204
ML-DSA-65,Signing,413,2.7811
ML-DSA-65,Signing,414,1.1209
ML-DSA-65,Signing,415,1.0587
ML-DSA-65,Signing,416,0.8689
ML-DSA-65,Signing,417,0.8091
ML-DSA-65,Signing,418,1.0655
ML-DSA-65,Signing,419,1.0176
ML-DSA-65,Signing,420,1.486
ML-DSA-65,Signing,421,1.4929
ML-DSA-65,Signing,422,1.1811
ML-DSA-65,Signing,423,1.7389
ML-DSA-65,Signing,424,0.8064
ML-DSA-65,Signing,425,1.8832
ML-DSA-65,Signing,426,1.123
ML-DSA-65,Signing,427,0.9383
ML-DSA-65,Signing,428,1.3199
ML-DSA-65,Signing,429,1.1386
ML-DSA-65,Signing,430,1.1562
ML-DSA-65,Signing,431,1.3241
ML-DSA-65,Signing,432,1.8118
ML-DSA-65,Signing,433,5.0963
ML-DSA-65,Signing,434,1.3297
ML-DSA-65,Signing,435,0.801
ML-DSA-65,Signing,436,0.8073
ML-DSA-65,Signing,437,0.8064
ML-DSA-65,Signing,438,1.513
ML-DSA-65,Signing,439,1.008
ML-DSA-65,Signing,440,0.8044
ML-DSA-65,Signing,441,1.9371
ML-DSA-65,Signing,442,0.8006
ML-DSA-65,Signing,443,2.6859
ML-DSA-65,Signing,444,2.378
ML-DSA-65,Signing,445,1.3182
ML-DSA-65,Signing,446,0.998
ML-DSA-65,Signing,447,3.0157
ML-DSA-65,Signing,448,1.6645
ML-DSA-65,Signing,449,0.9452
ML-DSA-65,Signing,450,0.7664
ML-DSA-65,Signing,451,3.0786
ML-DSA-65,Signing,452,1.534
ML-DSA-65,Signing,453,3.6364
ML-DSA-65,Signing,454,3.0415
ML-DSA-65,Signing,455,2.2551
ML-DSA-65,Signing,456,0.8097
ML-DSA-65,Signing,457,1.6242
ML-DSA-65,Signing,458,1.5259
ML-DSA-65,Signing,459,3.1482
ML-DSA-65,Signing,460,2.1359
ML-DSA-65,Signing,461,1.1389
ML-DSA-65,Signing,462,1.1556
ML-DSA-65,Signing,463,1.4502
ML-DSA-65,Signing,464,1.4878
ML-DSA-65,Signing,465,0.9739
ML-DSA-65,Signing,466,1.3353
ML-DSA-65,Signing,467,0.7711
ML-DSA-65,Signing,468,0.9386
ML-DSA-65,Signing,469,1.1284
ML-DSA-65,Signing,470,1.0206
ML-DSA-65,Signing,471,1.516
ML-DSA-65,Signing,472,1.3368
ML-DSA-65,Signing,473,0.7615
ML-DSA-65,Signing,474,1.6689
ML-DSA-65,Signing,475,1.5765
ML-DSA-65,Signing,476,1.1827
ML-DSA-65,Signing,477,3.529
ML-DSA-65,Signing,478,2.8934
ML-DSA-65,Signing,479,0.9963
ML-DSA-65,Signing,480,1.01
ML-DSA-65,Signing,481,1.5064
ML-DSA-65,Signing,482,3.4797
ML-DSA-65,Signing,483,1.7699
ML-DSA-65,Signing,484,4.0526
ML-DSA-65,Signing,485,5.1552
ML-DSA-65,Signing,486,1.0132
ML-DSA-65,Signing,487,1.5386
ML-DSA-65,Signing,488,2.9115
ML-DSA-65,Signing,489,2.4564
ML-DSA-65,Signing,490,2.6948
ML-DSA-65,Signing,491,3.2639
ML-DSA-65,Signing,492,1.2886
ML-DSA-65,Signing,493,1.1332
ML-DSA-65,Signing,494,1.1837
ML-DSA-65,Signing,495,3.2969
ML-DSA-65,Signing,496,0.8074
ML-DSA-65,Signing,497,0.8071
ML-DSA-65,Signing,498,2.2359
ML-DSA-65,Signing,499,1.3772
ML-DSA-65,Signing,500,0.9992
ML-DSA-65,Signing,501,2.2767
ML-DSA-65,Signing,502,1.1293
ML-DSA-65,Signing,503,1.8973
ML-DSA-65,Signing,504,1.8232
ML-DSA-65,Signing,505,0.9177
ML-DSA-65,Signing,506,1.6322
ML-DSA-65,Signing,507,2.4502
ML-DSA-65,Signing,508,3.1078
ML-DSA-65,Signing,509,1.8237
ML-DSA-65,Signing,510,1.4415
ML-DSA-65,Signing,511,1.5224
ML-DSA-65,Signing,512,1.4632
ML-DSA-65,Signing,513,0.9209
ML-DSA-65,Signing,514,2.222
ML-DSA-65,Signing,515,2.1667
ML-DSA-65,Signing,516,1.6952
ML-DSA-65,Signing,517,2.3063
ML-DSA-65,Signing,518,1.0219
ML-DSA-65,Signing,519,0.8083
ML-DSA-65,Signing,520,1.5928
ML-DSA-65,Signing,521,0.9574
ML-DSA-65,Signing,522,1.1831
ML-DSA-65,Signing,523,0.9907
ML-DSA-65,Signing,524,2.6676
ML-DSA-65,Signing,525,1.5543
ML-DSA-65,Signing,526,0.9747
ML-DSA-65,Signing,527,1.1963
ML-DSA-65,Signing,528,2.662
ML-DSA-65,Signing,529,1.1048
ML-DSA-65,Signing,530,0.8083
ML-DSA-65,Signing,531,1.4429
ML-DSA-65,Signing,532,1.1245
ML-DSA-65,Signing,533,0.7666
ML-DSA-65,Signing,534,1.7149
ML-DSA-65,Signing,535,0.9305
ML-DSA-65,Signing,536,2.191
ML-DSA-65,Signing,537,1.873
ML-DSA-65,Signing,538,0.9581
ML-DSA-65,Signing,539,1.2758
ML-DSA-65,Signing,540,2.1578
ML-DSA-65,Signing,541,1.1224
ML-DSA-65,Signing,542,0.7683
ML-DSA-65,Signing,543,0.9182
ML-DSA-65,Signing,544,2.3127
ML-DSA-65,Signing,545,3.2334
ML-DSA-65,Signing,546,1.1204
ML-DSA-65,Signing,547,1.2806
ML-DSA-65,Signing,548,0.7716
ML-DSA-65,Signing,549,3.534
ML-DSA-65,Signing,550,1.5094
ML-DSA-65,Signing,551,1.1342
ML-DSA-65,Signing,552,2.6741
ML-DSA-65,Signing,553,2.1904
ML-DSA-65,Signing,554,1.1645
ML-DSA-65,Signing,555,1.1145
ML-DSA-65,Signing,556,2.3114
ML-DSA-65,Signing,557,0.7559
ML-DSA-65,Signing,558,1.0398
ML-DSA-65,Signing,559,1.5736
ML-DSA-65,Signing,560,0.7824
ML-DSA-65,Signing,561,1.0052
ML-DSA-65,Signing,562,1.4524
ML-DSA-65,Signing,563,2.836
ML-DSA-65,Signing,564,0.7607
ML-DSA-65,Signing,565,3.3573
ML-DSA-65,Signing,566,1.6312
ML-DSA-65,Signing,567,1.4805
ML-DSA-65,Signing,568,1.2254
ML-DSA-65,Signing,569,1.0291
ML-DSA-65,Signing,570,0.7749
ML-DSA-65,Signing,571,0.7643
ML-DSA-65,Signing,572,1.3614
ML-DSA-65,Signing,573,1.0761
ML-DSA-65,Signing,574,0.9648
ML-DSA-65,Signing,575,2.8292
ML-DSA-65,Signing,576,0.9353
ML-DSA-65,Signing,577,1.3055
ML-DSA-65,Signing,578,1.5243
ML-DSA-65,Signing,579,0.7606
ML-DSA-65,Signing,580,1.3559
ML-DSA-65,Signing,581,1.4123
ML-DSA-65,Signing,582,2.441
ML-DSA-65,Signing,583,2.3841
ML-DSA-65,Signing,584,1.1321
ML-DSA-65,Signing,585,0.9606
ML-DSA-65,Signing,586,2.0373
ML-DSA-65,Signing,587,1.8802
ML-DSA-65,Signing,588,1.3215
ML-DSA-65,Signing,589,0.7573
ML-DSA-65,Signing,590,0.7722
ML-DSA-65,Signing,591,0.9251
ML-DSA-65,Signing,592,1.3231
ML-DSA-65,Signing,593,2.0714
ML-DSA-65,Signing,594,1.3347
ML-DSA-65,Signing,595,1.514
ML-DSA-65,Signing,596,2.6289
ML-DSA-65,Signing,597,1.628
ML-DSA-65,Signing,598,1.1605
ML-DSA-65,Signing,599,0.7601
ML-DSA-65,Signing,600,0.9827
ML-DSA-65,Signing,601,1.1136
ML-DSA-65,Signing,602,0.7821
ML-DSA-65,Signing,603,1.281
ML-DSA-65,Signing,604,1.5786
ML-DSA-65,Signing,605,1.3179
ML-DSA-65,Signing,606,3.3475
ML-DSA-65,Signing,607,1.7543
ML-DSA-65,Signing,608,0.7946
ML-DSA-65,Signing,609,1.7782
ML-DSA-65,Signing,610,1.0055
ML-DSA-65,Signing,611,2.818
ML-DSA-65,Signing,612,2.0544
ML-DSA-65,Signing,613,2.3381
ML-DSA-65,Signing,614,0.7762
ML-DSA-65,Signing,615,2.2387
ML-DSA-65,Signing,616,1.8326
ML-DSA-65,Signing,617,0.7634
ML-DSA-65,Signing,618,2.8245
ML-DSA-65,Signing,619,2.2359
ML-DSA-65,Signing,620,1.7545
ML-DSA-65,Signing,621,1.099
ML-DSA-65,Signing,622,4.2935
ML-DSA-65,Signing,623,1.5177
ML-DSA-65,Signing,624,0.7685
ML-DSA-65,Signing,625,1.3275
ML-DSA-65,Signing,626,1.4553
ML-DSA-65,Signing,627,1.4396
ML-DSA-65,Signing,628,1.4448
ML-DSA-65,Signing,629,1.4778
ML-DSA-65,Signing,630,1.6626
ML-DSA-65,Signing,631,3.1377
ML-DSA-65,Signing,632,2.5319
ML-DSA-65,Signing,633,0.9389
ML-DSA-65,Signing,634,2.1118
ML-DSA-65,Signing,635,0.9325
ML-DSA-65,Signing,636,1.6837
ML-DSA-65,Signing,637,0.7704
ML-DSA-65,Signing,638,1.1183
ML-DSA-65,Signing,639,2.0782
ML-DSA-65,Signing,640,1.1303
ML-DSA-65,Signing,641,0.9884
ML-DSA-65,Signing,642,1.4598
ML-DSA-65,Signing,643,2.6698
ML-DSA-65,Signing,644,1.9573
ML-DSA-65,Signing,645,1.4073
ML-DSA-65,Signing,646,2.6321
ML-DSA-65,Signing,647,1.134
ML-DSA-65,Signing,648,2.0425
ML-DSA-65,Signing,649,1.7947
ML-DSA-65,Signing,650,3.0565
ML-DSA-65,Signing,651,1.4051
ML-DSA-65,Signing,652,0.8431
ML-DSA-65,Signing,653,0.7768
ML-DSA-65,Signing,654,0.9751
ML-DSA-65,Signing,655,0.9724
ML-DSA-65,Signing,656,3.5536
ML-DSA-65,Signing,657,0.7618
ML-DSA-65,Signing,658,1.479
ML-DSA-65,Signing,659,1.6281
ML-DSA-65,Signing,660,0.879
ML-DSA-65,Signing,661,2.3997
ML-DSA-65,Signing,662,0.9251
ML-DSA-65,Signing,663,0.9323
ML-DSA-65,Signing,664,1.2989
ML-DSA-65,Signing,665,0.9212
ML-DSA-65,Signing,666,0.7756
ML-DSA-65,Signing,667,2.1279
ML-DSA-65,Signing,668,0.9396
ML-DSA-65,Signing,669,1.8465
ML-DSA-65,Signing,670,1.0951
ML-DSA-65,Signing,671,0.7678
ML-DSA-65,Signing,672,1.4312
ML-DSA-65,Signing,673,1.8351
ML-DSA-65,Signing,674,3.0823
ML-DSA-65,Signing,675,0.9074
ML-DSA-65,Signing,676,0.8378
ML-DSA-65,Signing,677,3.4247
ML-DSA-65,Signing,678,1.2837
ML-DSA-65,Signing,679,1.2063
ML-DSA-65,Signing,680,3.4632
ML-DSA-65,Signing,681,2.291
ML-DSA-65,Signing,682,1.4107
ML-DSA-65,Signing,683,3.7711
ML-DSA-65,Signing,684,1.1127
ML-DSA-65,Signing,685,1.3506
ML-DSA-65,Signing,686,2.1677
ML-DSA-65,Signing,687,3.6508
ML-DSA-65,Signing,688,1.7441
ML-DSA-65,Signing,689,4.1798
ML-DSA-65,Signing,690,2.1581
ML-DSA-65,Signing,691,1.6537
ML-DSA-65,Signing,692,1.0803
ML-DSA-65,Signing,693,1.5344
ML-DSA-65,Signing,694,4.7687
ML-DSA-65,Signing,695,2.1663
ML-DSA-65,Signing,696,1.4977
ML-DSA-65,Signing,697,0.8583
ML-DSA-65,Signing,698,1.5799
ML-DSA-65,Signing,699,2.8412
ML-DSA-65,Signing,700,1.498
ML-DSA-65,Signing,701,1.0756
ML-DSA-65,Signing,702,2.4895
ML-DSA-65,Signing,703,5.067
ML-DSA-65,Signing,704,2.0878
ML-DSA-65,Signing,705,1.0743
ML-DSA-65,Signing,706,2.9477
ML-DSA-65,Signing,707,0.8748
ML-DSA-65,Signing,708,0.9855
ML-DSA-65,Signing,709,1.804
ML-DSA-65,Signing,710,3.7411
ML-DSA-65,Signing,711,2.1069
ML-DSA-65,Signing,712,1.1408
ML-DSA-65,Signing,713,1.742
ML-DSA-65,Signing,714,3.4966
ML-DSA-65,Signing,715,0.8819
ML-DSA-65,Signing,716,1.1067
ML-DSA-65,Signing,717,2.4753
ML-DSA-65,Signing,718,1.2922
ML-DSA-65,Signing,719,1.1648
ML-DSA-65,Signing,720,4.903
ML-DSA-65,Signing,721,1.1603
ML-DSA-65,Signing,722,2.7897
ML-DSA-65,Signing,723,1.4989
ML-DSA-65,Signing,724,1.4268
ML-DSA-65,Signing,725,1.0984
ML-DSA-65,Signing,726,2.446
ML-DSA-65,Signing,727,1.2843
ML-DSA-65,Signing,728,2.0036
ML-DSA-65,Signing,729,1.7455
ML-DSA-65,Signing,730,1.223
ML-DSA-65,Signing,731,1.0382
ML-DSA-65,Signing,732,1.986
ML-DSA-65,Signing,733,1.1799
ML-DSA-65,Signing,734,1.5592
ML-DSA-65,Signing,735,1.4471
ML-DSA-65,Signing,736,1.2424
ML-DSA-65,Signing,737,0.9762
ML-DSA-65,Signing,738,0.7987
ML-DSA-65,Signing,739,1.5186
ML-DSA-65,Signing,740,1.5836
ML-DSA-65,Signing,741,2.1505
ML-DSA-65,Signing,742,0.957
ML-DSA-65,Signing,743,3.1514
ML-DSA-65,Signing,744,0.7943
ML-DSA-65,Signing,745,2.0364
ML-DSA-65,Signing,746,2.9211
ML-DSA-65,Signing,747,0.8233
ML-DSA-65,Signing,748,1.1778
ML-DSA-65,Signing,749,1.5857
ML-DSA-65,Signing,750,1.6085
ML-DSA-65,Signing,751,1.2134
ML-DSA-65,Signing,752,0.7862
ML-DSA-65,Signing,753,0.8054
ML-DSA-65,Signing,754,2.4023
ML-DSA-65,Signing,755,2.7908
ML-DSA-65,Signing,756,1.4134
ML-DSA-65,Signing,757,1.1239
ML-DSA-65,Signing,758,0.8245
ML-DSA-65,Signing,759,1.4623
ML-DSA-65,Signing,760,1.0898
ML-DSA-65,Signing,761,2.6092
ML-DSA-65,Signing,762,0.9291
ML-DSA-65,Signing,763,0.7649
ML-DSA-65,Signing,764,2.9727
ML-DSA-65,Signing,765,1.086
ML-DSA-65,Signing,766,3.6535
ML-DSA-65,Signing,767,0.7844
ML-DSA-65,Signing,768,1.171
ML-DSA-65,Signing,769,0.771
ML-DSA-65,Signing,770,3.4239
ML-DSA-65,Signing,771,1.2917
ML-DSA-65,Signing,772,1.7187
ML-DSA-65,Signing,773,1.5269
ML-DSA-65,Signing,774,0.7559
ML-DSA-65,Signing,775,0.9175
ML-DSA-65,Signing,776,1.7201
ML-DSA-65,Signing,777,1.2004
ML-DSA-65,Signing,778,0.7969
ML-DSA-65,Signing,779,2.078
ML-DSA-65,Signing,780,1.0226
ML-DSA-65,Signing,781,1.2821
ML-DSA-65,Signing,782,0.7797
ML-DSA-65,Signing,783,1.3265
ML-DSA-65,Signing,784,2.8253
ML-DSA-65,Signing,785,0.7648
ML-DSA-65,Signing,786,1.1275
ML-DSA-65,Signing,787,1.123
ML-DSA-65,Signing,788,0.7728
ML-DSA-65,Signing,789,1.9669
ML-DSA-65,Signing,790,1.5645
ML-DSA-65,Signing,791,0.9958
ML-DSA-65,Signing,792,1.5287
ML-DSA-65,Signing,793,1.2084
ML-DSA-65,Signing,794,0.992
ML-DSA-65,Signing,795,0.841
ML-DSA-65,Signing,796,4.0431
ML-DSA-65,Signing,797,0.7843
ML-DSA-65,Signing,798,3.6123
ML-DSA-65,Signing,799,1.4969
ML-DSA-65,Signing,800,1.3755
ML-DSA-65,Signing,801,3.1474
ML-DSA-65,Signing,802,1.105
ML-DSA-65,Signing,803,2.0745
ML-DSA-65,Signing,804,1.2848
ML-DSA-65,Signing,805,1.7582
ML-DSA-65,Signing,806,0.9336
ML-DSA-65,Signing,807,1.1186
ML-DSA-65,Signing,808,0.9841
ML-DSA-65,Signing,809,4.0171
ML-DSA-65,Signing,810,1.4065
ML-DSA-65,Signing,811,1.7381
ML-DSA-65,Signing,812,0.8754
ML-DSA-65,Signing,813,0.8039
ML-DSA-65,Signing,814,0.8091
ML-DSA-65,Signing,815,2.9049
ML-DSA-65,Signing,816,1.9319
ML-DSA-65,Signing,817,2.3743
ML-DSA-65,Signing,818,4.8423
ML-DSA-65,Signing,819,0.8072
ML-DSA-65,Signing,820,1.2444
ML-DSA-65,Signing,821,1.7643
ML-DSA-65,Signing,822,1.3996
ML-DSA-65,Signing,823,1.3869
ML-DSA-65,Signing,824,1.5383
ML-DSA-65,Signing,825,0.7885
ML-DSA-65,Signing,826,3.3036
ML-DSA-65,Signing,827,0.8082
ML-DSA-65,Signing,828,1.129
ML-DSA-65,Signing,829,0.9321
ML-DSA-65,Signing,830,1.8451
ML-DSA-65,Signing,831,3.8235
ML-DSA-65,Signing,832,0.7838
ML-DSA-65,Signing,833,0.7763
ML-DSA-65,Signing,834,0.9312
ML-DSA-65,Signing,835,1.3306
ML-DSA-65,Signing,836,1.5995
ML-DSA-65,Signing,837,2.2351
ML-DSA-65,Signing,838,1.5924
ML-DSA-65,Signing,839,1.1812
ML-DSA-65,Signing,840,2.0514
ML-DSA-65,Signing,841,0.9195
ML-DSA-65,Signing,842,0.9768
ML-DSA-65,Signing,843,2.3052
ML-DSA-65,Signing,844,0.9251
ML-DSA-65,Signing,845,0.948
ML-DSA-65,Signing,846,1.2779
ML-DSA-65,Signing,847,1.4562
ML-DSA-65,Signing,848,1.1317
ML-DSA-65,Signing,849,1.3339
ML-DSA-65,Signing,850,2.188
ML-DSA-65,Signing,851,2.7163
ML-DSA-65,Signing,852,1.2797
ML-DSA-65,Signing,853,1.065
ML-DSA-65,Signing,854,1.1829
ML-DSA-65,Signing,855,1.5118
ML-DSA-65,Signing,856,1.4015
ML-DSA-65,Signing,857,2.1536
ML-DSA-65,Signing,858,0.8047
ML-DSA-65,Signing,859,2.8217
ML-DSA-65,Signing,860,1.0017
ML-DSA-65,Signing,861,1.0095
ML-DSA-65,Signing,862,1.2962
ML-DSA-65,Signing,863,1.7064
ML-DSA-65,Signing,864,0.7707
ML-DSA-65,Signing,865,4.6904
ML-DSA-65,Signing,866,1.3494
ML-DSA-65,Signing,867,2.0061
ML-DSA-65,Signing,868,2.0041
ML-DSA-65,Signing,869,1.6403
ML-DSA-65,Signing,870,0.9338
ML-DSA-65,Signing,871,1.7561
ML-DSA-65,Signing,872,1.7161
ML-DSA-65,Signing,873,2.7662
ML-DSA-65,Signing,874,1.0168
ML-DSA-65,Signing,875,0.8201
ML-DSA-65,Signing,876,0.7913
ML-DSA-65,Signing,877,1.248
ML-DSA-65,Signing,878,1.6629
ML-DSA-65,Signing,879,1.1928
ML-DSA-65,Signing,880,2.0472
ML-DSA-65,Signing,881,0.9684
ML-DSA-65,Signing,882,0.7846
ML-DSA-65,Signing,883,2.1921
ML-DSA-65,Signing,884,2.8919
ML-DSA-65,Signing,885,1.4913
ML-DSA-65,Signing,886,1.0081
ML-DSA-65,Signing,887,1.1853
ML-DSA-65,Signing,888,0.7915
ML-DSA-65,Signing,889,2.3644
ML-DSA-65,Signing,890,2.7373
ML-DSA-65,Signing,891,0.7929
ML-DSA-65,Signing,892,0.798
ML-DSA-65,Signing,893,1.7854
ML-DSA-65,Signing,894,2.0844
ML-DSA-65,Signing,895,1.0803
ML-DSA-65,Signing,896,1.1764
ML-DSA-65,Signing,897,0.9577
ML-DSA-65,Signing,898,1.9899
ML-DSA-65,Signing,899,1.1708
ML-DSA-65,Signing,900,2.233
ML-DSA-65,Signing,901,2.6623
ML-DSA-65,Signing,902,3.5934
ML-DSA-65,Signing,903,1.4637
ML-DSA-65,Signing,904,0.9613
ML-DSA-65,Signing,905,0.8103
ML-DSA-65,Signing,906,1.7141
ML-DSA-65,Signing,907,1.8839
ML-DSA-65,Signing,908,0.7651
ML-DSA-65,Signing,909,0.9222
ML-DSA-65,Signing,910,1.5136
ML-DSA-65,Signing,911,0.9313
ML-DSA-65,Signing,912,1.2375
ML-DSA-65,Signing,913,1.127
ML-DSA-65,Signing,914,3.0339
ML-DSA-65,Signing,915,0.9869
ML-DSA-65,Signing,916,0.9601
ML-DSA-65,Signing,917,2.3583
ML-DSA-65,Signing,918,2.8877
ML-DSA-65,Signing,919,1.3267
ML-DSA-65,Signing,920,1.1151
ML-DSA-65,Signing,921,0.9732
ML-DSA-65,Signing,922,1.8394
ML-DSA-65,Signing,923,1.5433
ML-DSA-65,Signing,924,1.4632
ML-DSA-65,Signing,925,1.3249
ML-DSA-65,Signing,926,0.7655
ML-DSA-65,Signing,927,0.79
ML-DSA-65,Signing,928,0.7707
ML-DSA-65,Signing,929,0.9594
ML-DSA-65,Signing,930,1.965
ML-DSA-65,Signing,931,1.1282
ML-DSA-65,Signing,932,1.2833
ML-DSA-65,Signing,933,0.9566
ML-DSA-65,Signing,934,2.1896
ML-DSA-65,Signing,935,1.2843
ML-DSA-65,Signing,936,0.9223
ML-DSA-65,Signing,937,1.0091
ML-DSA-65,Signing,938,1.2233
ML-DSA-65,Signing,939,1.0075
ML-DSA-65,Signing,940,1.8697
ML-DSA-65,Signing,941,0.9884
ML-DSA-65,Signing,942,1.365
ML-DSA-65,Signing,943,1.3729
ML-DSA-65,Signing,944,1.3956
ML-DSA-65,Signing,945,6.2663
ML-DSA-65,Signing,946,5.1836
ML-DSA-65,Signing,947,0.7977
ML-DSA-65,Signing,948,1.3636
ML-DSA-65,Signing,949,0.7987
ML-DSA-65,Signing,950,0.9544
ML-DSA-65,Signing,951,1.3362
ML-DSA-65,Signing,952,2.1998
ML-DSA-65,Signing,953,0.9894
ML-DSA-65,Signing,954,0.7995
ML-DSA-65,Signing,955,1.1967
ML-DSA-65,Signing,956,1.4005
ML-DSA-65,Signing,957,0.8021
ML-DSA-65,Signing,958,0.9475
ML-DSA-65,Signing,959,2.5988
ML-DSA-65,Signing,960,1.331
ML-DSA-65,Signing,961,0.9844
ML-DSA-65,Signing,962,0.9677
ML-DSA-65,Signing,963,1.3284
ML-DSA-65,Signing,964,1.3211
ML-DSA-65,Signing,965,2.1979
ML-DSA-65,Signing,966,3.6089
ML-DSA-65,Signing,967,0.9455
ML-DSA-65,Signing,968,2.6702
ML-DSA-65,Signing,969,0.7719
ML-DSA-65,Signing,970,0.7588
ML-DSA-65,Signing,971,1.7239
ML-DSA-65,Signing,972,0.7582
ML-DSA-65,Signing,973,2.1459
ML-DSA-65,Signing,974,0.9643
ML-DSA-65,Signing,975,0.7549
ML-DSA-65,Signing,976,1.2859
ML-DSA-65,Signing,977,1.9109
ML-DSA-65,Signing,978,1.1927
ML-DSA-65,Signing,979,1.5033
ML-DSA-65,Signing,980,0.9689
ML-DSA-65,Signing,981,1.8135
ML-DSA-65,Signing,982,1.5572
ML-DSA-65,Signing,983,1.8476
ML-DSA-65,Signing,984,1.6884
ML-DSA-65,Signing,985,1.0018
ML-DSA-65,Signing,986,0.8087
ML-DSA-65,Signing,987,1.4772
ML-DSA-65,Signing,988,2.4269
ML-DSA-65,Signing,989,1.3153
ML-DSA-65,Signing,990,3.2735
ML-DSA-65,Signing,991,1.4885
ML-DSA-65,Signing,992,1.9323
ML-DSA-65,Signing,993,2.1437
ML-DSA-65,Signing,994,1.5585
ML-DSA-65,Signing,995,2.2572
ML-DSA-65,Signing,996,2.5634
ML-DSA-65,Signing,997,0.8617
ML-DSA-65,Signing,998,1.7513
ML-DSA-65,Signing,999,2.4769
ML-DSA-65,Signing,1000,0.788
ML-DSA-65,Verification,1,1.1055
ML-DSA-65,Verification,2,0.5561
ML-DSA-65,Verification,3,0.3939
ML-DSA-65,Verification,4,0.4967
ML-DSA-65,Verification,5,0.3931
ML-DSA-65,Verification,6,0.768
ML-DSA-65,Verification,7,0.3915
ML-DSA-65,Verification,8,0.5756
ML-DSA-65,Verification,9,0.4138
ML-DSA-65,Verification,10,0.3895
ML-DSA-65,Verification,11,1.9718
ML-DSA-65,Verification,12,0.5355
ML-DSA-65,Verification,13,0.645
ML-DSA-65,Verification,14,0.3908
ML-DSA-65,Verification,15,0.3872
ML-DSA-65,Verification,16,0.3859
ML-DSA-65,Verification,17,0.4006
ML-DSA-65,Verification,18,0.3865
ML-DSA-65,Verification,19,0.3867
ML-DSA-65,Verification,20,0.3864
ML-DSA-65,Verification,21,0.3865
ML-DSA-65,Verification,22,0.3944
ML-DSA-65,Verification,23,0.3873
ML-DSA-65,Verification,24,0.3862
ML-DSA-65,Verification,25,0.3863
ML-DSA-65,Verification,26,0.3865
ML-DSA-65,Verification,27,0.3947
ML-DSA-65,Verification,28,0.387
ML-DSA-65,Verification,29,0.3847
ML-DSA-65,Verification,30,0.3847
ML-DSA-65,Verification,31,0.3845
ML-DSA-65,Verification,32,0.3844
ML-DSA-65,Verification,33,0.3939
ML-DSA-65,Verification,34,0.3852
ML-DSA-65,Verification,35,0.3844
ML-DSA-65,Verification,36,0.3848
ML-DSA-65,Verification,37,0.3847
ML-DSA-65,Verification,38,0.3925
ML-DSA-65,Verification,39,0.3849
ML-DSA-65,Verification,40,0.3845
ML-DSA-65,Verification,41,0.3844
ML-DSA-65,Verification,42,0.688
ML-DSA-65,Verification,43,0.3914
ML-DSA-65,Verification,44,1.0592
ML-DSA-65,Verification,45,0.7236
ML-DSA-65,Verification,46,0.4761
ML-DSA-65,Verification,47,0.3915
ML-DSA-65,Verification,48,0.3885
ML-DSA-65,Verification,49,0.3876
ML-DSA-65,Verification,50,0.3866
ML-DSA-65,Verification,51,0.4078
ML-DSA-65,Verification,52,0.3878
ML-DSA-65,Verification,53,0.3855
ML-DSA-65,Verification,54,0.3855
ML-DSA-65,Verification,55,0.3854
ML-DSA-65,Verification,56,0.3849
ML-DSA-65,Verification,57,0.3925
ML-DSA-65,Verification,58,0.3857
ML-DSA-65,Verification,59,0.3844
ML-DSA-65,Verification,60,0.3844
ML-DSA-65,Verification,61,0.3843
ML-DSA-65,Verification,62,0.3955
ML-DSA-65,Verification,63,0.3855
ML-DSA-65,Verification,64,0.3848
ML-DSA-65,Verification,65,0.3843
ML-DSA-65,Verification,66,0.385
ML-DSA-65,Verification,67,0.3988
ML-DSA-65,Verification,68,0.3851
ML-DSA-65,Verification,69,0.3845
ML-DSA-65,Verification,70,0.3844
ML-DSA-65,Verification,71,0.3862
ML-DSA-65,Verification,72,0.3935
ML-DSA-65,Verification,73,0.385
ML-DSA-65,Verification,74,0.3844
ML-DSA-65,Verification,75,0.3843
ML-DSA-65,Verification,76,0.3844
ML-DSA-65,Verification,77,0.3938
ML-DSA-65,Verification,78,0.385
ML-DSA-65,Verification,79,0.3841
ML-DSA-65,Verification,80,0.6111
ML-DSA-65,Verification,81,3.3647
ML-DSA-65,Verification,82,0.4045
ML-DSA-65,Verification,83,0.3856
ML-DSA-65,Verification,84,0.3869
ML-DSA-65,Verification,85,0.3869
ML-DSA-65,Verification,86,0.3865
ML-DSA-65,Verification,87,0.3954
ML-DSA-65,Verification,88,0.3865
ML-DSA-65,Verification,89,0.3863
ML-DSA-65,Verification,90,0.386
ML-DSA-65,Verification,91,0.3865
ML-DSA-65,Verification,92,0.3954
ML-DSA-65,Verification,93,0.3869
ML-DSA-65,Verification,94,0.3866
ML-DSA-65,Verification,95,0.386
ML-DSA-65,Verification,96,0.3859
ML-DSA-65,Verification,97,0.3942
ML-DSA-65,Verification,98,0.3851
ML-DSA-65,Verification,99,0.3846
ML-DSA-65,Verification,100,0.3846
ML-DSA-65,Verification,101,0.3858
ML-DSA-65,Verification,102,0.3936
ML-DSA-65,Verification,103,0.3863
ML-DSA-65,Verification,104,0.3858
ML-DSA-65,Verification,105,0.386
ML-DSA-65,Verification,106,0.3858
ML-DSA-65,Verification,107,0.393
ML-DSA-65,Verification,108,0.3852
ML-DSA-65,Verification,109,0.3861
ML-DSA-65,Verification,110,0.3863
ML-DSA-65,Verification,111,0.3859
ML-DSA-65,Verification,112,0.3944
ML-DSA-65,Verification,113,0.3867
ML-DSA-65,Verification,114,0.3861
ML-DSA-65,Verification,115,0.4831
ML-DSA-65,Verification,116,0.7726
ML-DSA-65,Verification,117,0.4351
ML-DSA-65,Verification,118,0.4423
ML-DSA-65,Verification,119,0.6011
ML-DSA-65,Verification,120,0.4839
ML-DSA-65,Verification,121,0.3902
ML-DSA-65,Verification,122,0.4204
ML-DSA-65,Verification,123,0.4474
ML-DSA-65,Verification,124,0.4202
ML-DSA-65,Verification,125,0.3884
ML-DSA-65,Verification,126,0.3871
ML-DSA-65,Verification,127,0.3862
ML-DSA-65,Verification,128,0.3859
ML-DSA-65,Verification,129,0.397
ML-DSA-65,Verification,130,0.3868
ML-DSA-65,Verification,131,0.3859
ML-DSA-65,Verification,132,0.3858
ML-DSA-65,Verification,133,0.3843
ML-DSA-65,Verification,134,0.3926
ML-DSA-65,Verification,135,0.3847
ML-DSA-65,Verification,136,0.3845
ML-DSA-65,Verification,137,0.3842
ML-DSA-65,Verification,138,0.3845
ML-DSA-65,Verification,139,0.3944
ML-DSA-65,Verification,140,0.385
ML-DSA-65,Verification,141,0.3842
ML-DSA-65,Verification,142,0.3842
ML-DSA-65,Verification,143,0.3843
ML-DSA-65,Verification,144,0.3922
ML-DSA-65,Verification,145,0.3847
ML-DSA-65,Verification,146,0.3843
ML-DSA-65,Verification,147,0.3841
ML-DSA-65,Verification,148,0.3842
ML-DSA-65,Verification,149,0.3842
ML-DSA-65,Verification,150,0.3968
ML-DSA-65,Verification,151,0.3848
ML-DSA-65,Verification,152,0.3844
ML-DSA-65,Verification,153,0.3844
ML-DSA-65,Verification,154,0.3842
ML-DSA-65,Verification,155,0.3941
ML-DSA-65,Verification,156,1.0216
ML-DSA-65,Verification,157,0.4357
ML-DSA-65,Verification,158,0.4521
ML-DSA-65,Verification,159,0.6062
ML-DSA-65,Verification,160,0.4754
ML-DSA-65,Verification,161,0.3899
ML-DSA-65,Verification,162,0.4515
ML-DSA-65,Verification,163,0.4373
ML-DSA-65,Verification,164,0.3887
ML-DSA-65,Verification,165,0.3853
ML-DSA-65,Verification,166,0.385
ML-DSA-65,Verification,167,0.3849
ML-DSA-65,Verification,168,0.3928
ML-DSA-65,Verification,169,0.385
ML-DSA-65,Verification,170,0.3844
ML-DSA-65,Verification,171,0.3844
ML-DSA-65,Verification,172,0.3845
ML-DSA-65,Verification,173,0.3931
ML-DSA-65,Verification,174,0.3851
ML-DSA-65,Verification,175,0.3844
ML-DSA-65,Verification,176,0.3845
ML-DSA-65,Verification,177,0.3843
ML-DSA-65,Verification,178,0.3927
ML-DSA-65,Verification,179,0.3851
ML-DSA-65,Verification,180,0.3841
ML-DSA-65,Verification,181,0.3842
ML-DSA-65,Verification,182,0.3843
ML-DSA-65,Verification,183,0.3843
ML-DSA-65,Verification,184,0.3941
ML-DSA-65,Verification,185,0.3853
ML-DSA-65,Verification,186,0.4017
ML-DSA-65,Verification,187,0.3845
ML-DSA-65,Verification,188,0.3846
ML-DSA-65,Verification,189,0.3942
ML-DSA-65,Verification,190,0.3849
ML-DSA-65,Verification,191,0.3843
ML-DSA-65,Verification,192,0.3845
ML-DSA-65,Verification,193,0.3844
ML-DSA-65,Verification,194,0.3917
ML-DSA-65,Verification,195,0.4056
ML-DSA-65,Verification,196,1.0958
ML-DSA-65,Verification,197,0.3948
ML-DSA-65,Verification,198,0.4001
ML-DSA-65,Verification,199,0.3872
ML-DSA-65,Verification,200,0.3942
ML-DSA-65,Verification,201,0.387
ML-DSA-65,Verification,202,0.387
ML-DSA-65,Verification,203,0.3929
ML-DSA-65,Verification,204,0.387
ML-DSA-65,Verification,205,0.3917
ML-DSA-65,Verification,206,0.3867
ML-DSA-65,Verification,207,0.3859
ML-DSA-65,Verification,208,0.3951
ML-DSA-65,Verification,209,0.3867
ML-DSA-65,Verification,210,0.3912
ML-DSA-65,Verification,211,0.3867
ML-DSA-65,Verification,212,0.386
ML-DSA-65,Verification,213,0.3933
ML-DSA-65,Verification,214,0.3867
ML-DSA-65,Verification,215,0.386
ML-DSA-65,Verification,216,0.3932
ML-DSA-65,Verification,217,0.3871
ML-DSA-65,Verification,218,0.3941
ML-DSA-65,Verification,219,0.765
ML-DSA-65,Verification,220,0.4217
ML-DSA-65,Verification,221,1.7563
ML-DSA-65,Verification,222,0.4673
ML-DSA-65,Verification,223,0.4101
ML-DSA-65,Verification,224,0.3879
ML-DSA-65,Verification,225,0.3868
ML-DSA-65,Verification,226,0.3872
ML-DSA-65,Verification,227,0.3865
ML-DSA-65,Verification,228,0.3944
ML-DSA-65,Verification,229,0.386
ML-DSA-65,Verification,230,0.3852
ML-DSA-65,Verification,231,0.3848
ML-DSA-65,Verification,232,0.7075
ML-DSA-65,Verification,233,0.4476
ML-DSA-65,Verification,234,0.5776
ML-DSA-65,Verification,235,0.391
ML-DSA-65,Verification,236,0.3943
ML-DSA-65,Verification,237,0.3867
ML-DSA-65,Verification,238,0.3863
ML-DSA-65,Verification,239,0.3917
ML-DSA-65,Verification,240,0.3865
ML-DSA-65,Verification,241,0.3918
ML-DSA-65,Verification,242,0.3849
ML-DSA-65,Verification,243,0.3845
ML-DSA-65,Verification,244,0.3913
ML-DSA-65,Verification,245,0.3848
ML-DSA-65,Verification,246,0.3843
ML-DSA-65,Verification,247,0.3928
ML-DSA-65,Verification,248,0.3851
ML-DSA-65,Verification,249,0.3902
ML-DSA-65,Verification,250,0.3848
ML-DSA-65,Verification,251,0.3858
ML-DSA-65,Verification,252,0.3912
ML-DSA-65,Verification,253,0.3862
ML-DSA-65,Verification,254,0.3912
ML-DSA-65,Verification,255,0.3863
ML-DSA-65,Verification,256,0.3858
ML-DSA-65,Verification,257,0.3911
ML-DSA-65,Verification,258,0.3864
ML-DSA-65,Verification,259,0.3911
ML-DSA-65,Verification,260,0.3867
ML-DSA-65,Verification,261,0.386
ML-DSA-65,Verification,262,0.3942
ML-DSA-65,Verification,263,0.3866
ML-DSA-65,Verification,264,0.3859
ML-DSA-65,Verification,265,0.3929
ML-DSA-65,Verification,266,0.3867
ML-DSA-65,Verification,267,0.3903
ML-DSA-65,Verification,268,0.385
ML-DSA-65,Verification,269,0.3847
ML-DSA-65,Verification,270,0.3903
ML-DSA-65,Verification,271,0.3848
ML-DSA-65,Verification,272,0.4477
ML-DSA-65,Verification,273,0.5355
ML-DSA-65,Verification,274,0.4798
ML-DSA-65,Verification,275,0.3902
ML-DSA-65,Verification,276,0.4005
ML-DSA-65,Verification,277,0.3877
ML-DSA-65,Verification,278,0.3866
ML-DSA-65,Verification,279,0.3864
ML-DSA-65,Verification,280,0.386
ML-DSA-65,Verification,281,0.3978
ML-DSA-65,Verification,282,0.3868
ML-DSA-65,Verification,283,0.3862
ML-DSA-65,Verification,284,0.3862
ML-DSA-65,Verification,285,0.3859
ML-DSA-65,Verification,286,0.3964
ML-DSA-65,Verification,287,0.3857
ML-DSA-65,Verification,288,0.3847
ML-DSA-65,Verification,289,0.3844
ML-DSA-65,Verification,290,0.3846
ML-DSA-65,Verification,291,0.3847
ML-DSA-65,Verification,292,0.3921
ML-DSA-65,Verification,293,0.3852
ML-DSA-65,Verification,294,0.3843
ML-DSA-65,Verification,295,0.3846
ML-DSA-65,Verification,296,0.3844
ML-DSA-65,Verification,297,0.3934
ML-DSA-65,Verification,298,0.3853
ML-DSA-65,Verification,299,0.3844
ML-DSA-65,Verification,300,0.3846
ML-DSA-65,Verification,301,0.3845
ML-DSA-65,Verification,302,0.3932
ML-DSA-65,Verification,303,0.3851
ML-DSA-65,Verification,304,0.3846
ML-DSA-65,Verification,305,0.3844
ML-DSA-65,Verification,306,0.3846
ML-DSA-65,Verification,307,0.3941
ML-DSA-65,Verification,308,0.3866
ML-DSA-65,Verification,309,0.386
ML-DSA-65,Verification,310,0.4177
ML-DSA-65,Verification,311,0.3994
ML-DSA-65,Verification,312,0.3953
ML-DSA-65,Verification,313,0.6968
ML-DSA-65,Verification,314,0.4093
ML-DSA-65,Verification,315,0.5321
ML-DSA-65,Verification,316,0.3905
ML-DSA-65,Verification,317,0.3863
ML-DSA-65,Verification,318,0.386
ML-DSA-65,Verification,319,0.398
ML-DSA-65,Verification,320,0.3869
ML-DSA-65,Verification,321,0.3857
ML-DSA-65,Verification,322,0.3857
ML-DSA-65,Verification,323,0.3856
ML-DSA-65,Verification,324,0.3858
ML-DSA-65,Verification,325,0.3948
ML-DSA-65,Verification,326,0.3856
ML-DSA-65,Verification,327,0.3843
ML-DSA-65,Verification,328,0.3843
ML-DSA-65,Verification,329,0.3844
ML-DSA-65,Verification,330,0.3932
ML-DSA-65,Verification,331,0.3849
ML-DSA-65,Verification,332,0.3847
ML-DSA-65,Verification,333,0.3846
ML-DSA-65,Verification,334,0.3843
ML-DSA-65,Verification,335,0.3931
ML-DSA-65,Verification,336,0.3848
ML-DSA-65,Verification,337,0.3844
ML-DSA-65,Verification,338,0.3843
ML-DSA-65,Verification,339,0.3842
ML-DSA-65,Verification,340,0.3954
ML-DSA-65,Verification,341,0.3866
ML-DSA-65,Verification,342,0.3859
ML-DSA-65,Verification,343,0.3857
ML-DSA-65,Verification,344,0.386
ML-DSA-65,Verification,345,0.3946
ML-DSA-65,Verification,346,0.3865
ML-DSA-65,Verification,347,0.3859
ML-DSA-65,Verification,348,0.3845
ML-DSA-65,Verification,349,0.3843
ML-DSA-65,Verification,350,0.428
ML-DSA-65,Verification,351,0.3889
ML-DSA-65,Verification,352,0.387
ML-DSA-65,Verification,353,0.3861
ML-DSA-65,Verification,354,0.3862
ML-DSA-65,Verification,355,0.3992
ML-DSA-65,Verification,356,0.3872
ML-DSA-65,Verification,357,0.3859
ML-DSA-65,Verification,358,0.3863
ML-DSA-65,Verification,359,0.3861
ML-DSA-65,Verification,360,0.3957
ML-DSA-65,Verification,361,0.3868
ML-DSA-65,Verification,362,0.3861
ML-DSA-65,Verification,363,0.3856
ML-DSA-65,Verification,364,0.386
ML-DSA-65,Verification,365,0.3945
ML-DSA-65,Verification,366,0.3851
ML-DSA-65,Verification,367,0.3845
ML-DSA-65,Verification,368,0.3844
ML-DSA-65,Verification,369,0.3845
ML-DSA-65,Verification,370,0.3924
ML-DSA-65,Verification,371,0.3851
ML-DSA-65,Verification,372,0.3848
ML-DSA-65,Verification,373,0.3843
ML-DSA-65,Verification,374,0.3845
ML-DSA-65,Verification,375,0.3844
ML-DSA-65,Verification,376,0.3924
ML-DSA-65,Verification,377,0.3852
ML-DSA-65,Verification,378,0.3845
ML-DSA-65,Verification,379,0.3846
ML-DSA-65,Verification,380,0.3844
ML-DSA-65,Verification,381,0.3939
ML-DSA-65,Verification,382,0.3852
ML-DSA-65,Verification,383,0.3845
ML-DSA-65,Verification,384,0.3845
ML-DSA-65,Verification,385,0.3843
ML-DSA-65,Verification,386,0.3915
ML-DSA-65,Verification,387,0.3849
ML-DSA-65,Verification,388,0.3843
ML-DSA-65,Verification,389,0.3845
ML-DSA-65,Verification,390,0.3841
ML-DSA-65,Verification,391,0.3921
ML-DSA-65,Verification,392,0.3851
ML-DSA-65,Verification,393,0.3845
ML-DSA-65,Verification,394,0.3844
ML-DSA-65,Verification,395,0.3844
ML-DSA-65,Verification,396,0.4873
ML-DSA-65,Verification,397,0.3887
ML-DSA-65,Verification,398,0.3849
ML-DSA-65,Verification,399,0.4131
ML-DSA-65,Verification,400,0.3977
ML-DSA-65,Verification,401,0.3853
ML-DSA-65,Verification,402,0.3849
ML-DSA-65,Verification,403,0.3844
ML-DSA-65,Verification,404,0.3841
ML-DSA-65,Verification,405,0.3843
ML-DSA-65,Verification,406,0.3933
ML-DSA-65,Verification,407,0.3847
ML-DSA-65,Verification,408,0.3843
ML-DSA-65,Verification,409,0.3844
ML-DSA-65,Verification,410,0.3844
ML-DSA-65,Verification,411,0.3922
ML-DSA-65,Verification,412,0.3851
ML-DSA-65,Verification,413,0.3842
ML-DSA-65,Verification,414,0.3843
ML-DSA-65,Verification,415,0.3842
ML-DSA-65,Verification,416,0.393
ML-DSA-65,Verification,417,0.3854
ML-DSA-65,Verification,418,0.3844
ML-DSA-65,Verification,419,0.3844
ML-DSA-65,Verification,420,0.3841
ML-DSA-65,Verification,421,0.3954
ML-DSA-65,Verification,422,0.3851
ML-DSA-65,Verification,423,0.3842
ML-DSA-65,Verification,424,0.3843
ML-DSA-65,Verification,425,0.3842
ML-DSA-65,Verification,426,0.3923
ML-DSA-65,Verification,427,0.3846
ML-DSA-65,Verification,428,0.3843
ML-DSA-65,Verification,429,0.3844
ML-DSA-65,Verification,430,0.3841
ML-DSA-65,Verification,431,0.3936
ML-DSA-65,Verification,432,0.385
ML-DSA-65,Verification,433,0.3843
ML-DSA-65,Verification,434,0.3844
ML-DSA-65,Verification,435,0.3844
ML-DSA-65,Verification,436,0.4809
ML-DSA-65,Verification,437,0.4009
ML-DSA-65,Verification,438,0.3855
ML-DSA-65,Verification,439,0.3962
ML-DSA-65,Verification,440,0.3845
ML-DSA-65,Verification,441,0.3947
ML-DSA-65,Verification,442,0.4133
ML-DSA-65,Verification,443,0.3855
ML-DSA-65,Verification,444,0.3843
ML-DSA-65,Verification,445,0.3844
ML-DSA-65,Verification,446,0.3958
ML-DSA-65,Verification,447,0.7023
ML-DSA-65,Verification,448,0.3869
ML-DSA-65,Verification,449,0.3844
ML-DSA-65,Verification,450,0.3954
ML-DSA-65,Verification,451,0.3855
ML-DSA-65,Verification,452,0.3845
ML-DSA-65,Verification,453,0.3861
ML-DSA-65,Verification,454,0.3844
ML-DSA-65,Verification,455,0.3932
ML-DSA-65,Verification,456,0.385
ML-DSA-65,Verification,457,0.3844
ML-DSA-65,Verification,458,0.3847
ML-DSA-65,Verification,459,0.3845
ML-DSA-65,Verification,460,0.3843
ML-DSA-65,Verification,461,0.3933
ML-DSA-65,Verification,462,0.3851
ML-DSA-65,Verification,463,0.3845
ML-DSA-65,Verification,464,0.3844
ML-DSA-65,Verification,465,0.3843
ML-DSA-65,Verification,466,0.4191
ML-DSA-65,Verification,467,0.3855
ML-DSA-65,Verification,468,0.3842
ML-DSA-65,Verification,469,0.3843
ML-DSA-65,Verification,470,0.3843
ML-DSA-65,Verification,471,0.3953
ML-DSA-65,Verification,472,0.3849
ML-DSA-65,Verification,473,0.3843
ML-DSA-65,Verification,474,0.3843
ML-DSA-65,Verification,475,0.4468
ML-DSA-65,Verification,476,0.3898
ML-DSA-65,Verification,477,0.3857
ML-DSA-65,Verification,478,0.3848
ML-DSA-65,Verification,479,0.3845
ML-DSA-65,Verification,480,0.3999
ML-DSA-65,Verification,481,0.3853
ML-DSA-65,Verification,482,0.3845
ML-DSA-65,Verification,483,0.3846
ML-DSA-65,Verification,484,0.3848
ML-DSA-65,Verification,485,0.3966
ML-DSA-65,Verification,486,0.387
ML-DSA-65,Verification,487,0.3862
ML-DSA-65,Verification,488,0.3859
ML-DSA-65,Verification,489,0.3858
ML-DSA-65,Verification,490,0.3935
ML-DSA-65,Verification,491,0.3864
ML-DSA-65,Verification,492,0.3847
ML-DSA-65,Verification,493,0.3846
ML-DSA-65,Verification,494,0.3845
ML-DSA-65,Verification,495,0.3928
ML-DSA-65,Verification,496,0.3852
ML-DSA-65,Verification,497,0.3844
ML-DSA-65,Verification,498,0.3845
ML-DSA-65,Verification,499,0.3845
ML-DSA-65,Verification,500,0.3843
ML-DSA-65,Verification,501,0.3928
ML-DSA-65,Verification,502,0.3848
ML-DSA-65,Verification,503,0.3845
ML-DSA-65,Verification,504,0.3844
ML-DSA-65,Verification,505,0.3845
ML-DSA-65,Verification,506,0.3954
ML-DSA-65,Verification,507,0.3867
ML-DSA-65,Verification,508,0.3859
ML-DSA-65,Verification,509,0.3858
ML-DSA-65,Verification,510,0.3858
ML-DSA-65,Verification,511,0.3946
ML-DSA-65,Verification,512,0.3864
ML-DSA-65,Verification,513,0.3846
ML-DSA-65,Verification,514,0.3843
ML-DSA-65,Verification,515,0.3844
ML-DSA-65,Verification,516,0.4168
ML-DSA-65,Verification,517,0.411
ML-DSA-65,Verification,518,0.389
ML-DSA-65,Verification,519,0.3863
ML-DSA-65,Verification,520,0.3858
ML-DSA-65,Verification,521,0.3971
ML-DSA-65,Verification,522,0.3868
ML-DSA-65,Verification,523,0.3859
ML-DSA-65,Verification,524,0.3842
ML-DSA-65,Verification,525,0.3842
ML-DSA-65,Verification,526,0.3842
ML-DSA-65,Verification,527,0.4182
ML-DSA-65,Verification,528,0.3856
ML-DSA-65,Verification,529,0.3845
ML-DSA-65,Verification,530,0.384
ML-DSA-65,Verification,531,0.3843
ML-DSA-65,Verification,532,0.3946
ML-DSA-65,Verification,533,0.3851
ML-DSA-65,Verification,534,0.3844
ML-DSA-65,Verification,535,0.3843
ML-DSA-65,Verification,536,0.3844
ML-DSA-65,Verification,537,0.3928
ML-DSA-65,Verification,538,0.3847
ML-DSA-65,Verification,539,0.3842
ML-DSA-65,Verification,540,0.3841
ML-DSA-65,Verification,541,0.3841
ML-DSA-65,Verification,542,0.4182
ML-DSA-65,Verification,543,0.387
ML-DSA-65,Verification,544,0.3851
ML-DSA-65,Verification,545,0.3857
ML-DSA-65,Verification,546,0.3857
ML-DSA-65,Verification,547,0.3947
ML-DSA-65,Verification,548,0.385
ML-DSA-65,Verification,549,0.3858
ML-DSA-65,Verification,550,0.3858
ML-DSA-65,Verification,551,0.3857
ML-DSA-65,Verification,552,0.3941
ML-DSA-65,Verification,553,0.3847
ML-DSA-65,Verification,554,0.3842
ML-DSA-65,Verification,555,0.3842
ML-DSA-65,Verification,556,0.3842
ML-DSA-65,Verification,557,0.4177
ML-DSA-65,Verification,558,0.3735
ML-DSA-65,Verification,559,0.3719
ML-DSA-65,Verification,560,0.3719
ML-DSA-65,Verification,561,0.3705
ML-DSA-65,Verification,562,0.3817
ML-DSA-65,Verification,563,0.3712
ML-DSA-65,Verification,564,0.3704
ML-DSA-65,Verification,565,0.3706
ML-DSA-65,Verification,566,0.3709
ML-DSA-65,Verification,567,0.3877
ML-DSA-65,Verification,568,0.3712
ML-DSA-65,Verification,569,0.3705
ML-DSA-65,Verification,570,0.3978
ML-DSA-65,Verification,571,0.3717
ML-DSA-65,Verification,572,0.3705
ML-DSA-65,Verification,573,0.3792
ML-DSA-65,Verification,574,0.3712
ML-DSA-65,Verification,575,0.3704
ML-DSA-65,Verification,576,0.3705
ML-DSA-65,Verification,577,0.3706
ML-DSA-65,Verification,578,0.3792
ML-DSA-65,Verification,579,0.371
ML-DSA-65,Verification,580,0.3703
ML-DSA-65,Verification,581,0.3705
ML-DSA-65,Verification,582,0.3704
ML-DSA-65,Verification,583,0.3792
ML-DSA-65,Verification,584,0.3713
ML-DSA-65,Verification,585,0.3707
ML-DSA-65,Verification,586,0.3705
ML-DSA-65,Verification,587,0.3705
ML-DSA-65,Verification,588,0.3705
ML-DSA-65,Verification,589,0.379
ML-DSA-65,Verification,590,0.3711
ML-DSA-65,Verification,591,0.3704
ML-DSA-65,Verification,592,0.3703
ML-DSA-65,Verification,593,0.3704
ML-DSA-65,Verification,594,0.3803
ML-DSA-65,Verification,595,0.371
ML-DSA-65,Verification,596,0.3707
ML-DSA-65,Verification,597,0.3706
ML-DSA-65,Verification,598,0.3705
ML-DSA-65,Verification,599,0.7824
ML-DSA-65,Verification,600,0.4266
ML-DSA-65,Verification,601,0.3911
ML-DSA-65,Verification,602,0.4832
ML-DSA-65,Verification,603,0.3946
ML-DSA-65,Verification,604,0.3729
ML-DSA-65,Verification,605,0.3851
ML-DSA-65,Verification,606,0.3732
ML-DSA-65,Verification,607,0.3711
ML-DSA-65,Verification,608,0.3707
ML-DSA-65,Verification,609,0.3709
ML-DSA-65,Verification,610,0.3815
ML-DSA-65,Verification,611,0.3717
ML-DSA-65,Verification,612,0.3708
ML-DSA-65,Verification,613,0.6625
ML-DSA-65,Verification,614,0.3907
ML-DSA-65,Verification,615,0.386
ML-DSA-65,Verification,616,0.4245
ML-DSA-65,Verification,617,0.3987
ML-DSA-65,Verification,618,0.3861
ML-DSA-65,Verification,619,0.3845
ML-DSA-65,Verification,620,0.3843
ML-DSA-65,Verification,621,0.3847
ML-DSA-65,Verification,622,0.3945
ML-DSA-65,Verification,623,0.3856
ML-DSA-65,Verification,624,0.3847
ML-DSA-65,Verification,625,0.3844
ML-DSA-65,Verification,626,0.3845
ML-DSA-65,Verification,627,0.3932
ML-DSA-65,Verification,628,0.385
ML-DSA-65,Verification,629,0.3849
ML-DSA-65,Verification,630,0.3845
ML-DSA-65,Verification,631,0.3846
ML-DSA-65,Verification,632,0.3932
ML-DSA-65,Verification,633,0.3852
ML-DSA-65,Verification,634,0.3848
ML-DSA-65,Verification,635,0.3847
ML-DSA-65,Verification,636,0.4061
ML-DSA-65,Verification,637,0.3902
ML-DSA-65,Verification,638,0.4169
ML-DSA-65,Verification,639,0.3909
ML-DSA-65,Verification,640,0.3867
ML-DSA-65,Verification,641,0.3864
ML-DSA-65,Verification,642,0.3863
ML-DSA-65,Verification,643,0.3971
ML-DSA-65,Verification,644,0.3871
ML-DSA-65,Verification,645,0.3861
ML-DSA-65,Verification,646,0.3861
ML-DSA-65,Verification,647,0.3861
ML-DSA-65,Verification,648,0.3956
ML-DSA-65,Verification,649,0.3857
ML-DSA-65,Verification,650,0.3848
ML-DSA-65,Verification,651,0.3848
ML-DSA-65,Verification,652,0.3848
ML-DSA-65,Verification,653,0.3947
ML-DSA-65,Verification,654,0.3855
ML-DSA-65,Verification,655,0.6939
ML-DSA-65,Verification,656,0.39
ML-DSA-65,Verification,657,0.3978
ML-DSA-65,Verification,658,0.3856
ML-DSA-65,Verification,659,0.3845
ML-DSA-65,Verification,660,0.3845
ML-DSA-65,Verification,661,0.3844
ML-DSA-65,Verification,662,0.3844
ML-DSA-65,Verification,663,0.3915
ML-DSA-65,Verification,664,0.3848
ML-DSA-65,Verification,665,0.3844
ML-DSA-65,Verification,666,0.3843
ML-DSA-65,Verification,667,0.3846
ML-DSA-65,Verification,668,0.3915
ML-DSA-65,Verification,669,0.3848
ML-DSA-65,Verification,670,0.3842
ML-DSA-65,Verification,671,0.3842
ML-DSA-65,Verification,672,0.3844
ML-DSA-65,Verification,673,0.3941
ML-DSA-65,Verification,674,0.3854
ML-DSA-65,Verification,675,0.3844
ML-DSA-65,Verification,676,0.3844
ML-DSA-65,Verification,677,0.3843
ML-DSA-65,Verification,678,0.392
ML-DSA-65,Verification,679,0.3847
ML-DSA-65,Verification,680,0.3845
ML-DSA-65,Verification,681,0.3845
ML-DSA-65,Verification,682,0.3843
ML-DSA-65,Verification,683,0.3947
ML-DSA-65,Verification,684,0.3853
ML-DSA-65,Verification,685,0.3844
ML-DSA-65,Verification,686,0.3843
ML-DSA-65,Verification,687,0.3843
ML-DSA-65,Verification,688,0.3927
ML-DSA-65,Verification,689,0.3849
ML-DSA-65,Verification,690,0.3844
ML-DSA-65,Verification,691,0.3842
ML-DSA-65,Verification,692,0.3843
ML-DSA-65,Verification,693,0.3843
ML-DSA-65,Verification,694,0.4401
ML-DSA-65,Verification,695,0.3987
ML-DSA-65,Verification,696,0.3851
ML-DSA-65,Verification,697,0.3849
ML-DSA-65,Verification,698,0.3861
ML-DSA-65,Verification,699,0.3962
ML-DSA-65,Verification,700,0.3868
ML-DSA-65,Verification,701,0.3858
ML-DSA-65,Verification,702,0.3858
ML-DSA-65,Verification,703,0.3841
ML-DSA-65,Verification,704,0.3924
ML-DSA-65,Verification,705,0.3849
ML-DSA-65,Verification,706,0.3845
ML-DSA-65,Verification,707,0.3843
ML-DSA-65,Verification,708,0.3843
ML-DSA-65,Verification,709,0.4144
ML-DSA-65,Verification,710,0.387
ML-DSA-65,Verification,711,0.3842
ML-DSA-65,Verification,712,0.3843
ML-DSA-65,Verification,713,0.3845
ML-DSA-65,Verification,714,0.3929
ML-DSA-65,Verification,715,0.3848
ML-DSA-65,Verification,716,0.3843
ML-DSA-65,Verification,717,0.3842
ML-DSA-65,Verification,718,0.3843
ML-DSA-65,Verification,719,0.3937
ML-DSA-65,Verification,720,0.3851
ML-DSA-65,Verification,721,0.3844
ML-DSA-65,Verification,722,0.3844
ML-DSA-65,Verification,723,0.3858
ML-DSA-65,Verification,724,0.3938
ML-DSA-65,Verification,725,0.3865
ML-DSA-65,Verification,726,0.3858
ML-DSA-65,Verification,727,0.3856
ML-DSA-65,Verification,728,0.3857
ML-DSA-65,Verification,729,0.3857
ML-DSA-65,Verification,730,0.3957
ML-DSA-65,Verification,731,0.3851
ML-DSA-65,Verification,732,0.3844
ML-DSA-65,Verification,733,0.3844
ML-DSA-65,Verification,734,0.3844
ML-DSA-65,Verification,735,0.4259
ML-DSA-65,Verification,736,0.3894
ML-DSA-65,Verification,737,0.3851
ML-DSA-65,Verification,738,0.3845
ML-DSA-65,Verification,739,0.3863
ML-DSA-65,Verification,740,0.425
ML-DSA-65,Verification,741,0.3876
ML-DSA-65,Verification,742,0.3861
ML-DSA-65,Verification,743,0.386
ML-DSA-65,Verification,744,0.386
ML-DSA-65,Verification,745,0.3964
ML-DSA-65,Verification,746,0.3866
ML-DSA-65,Verification,747,0.3848
ML-DSA-65,Verification,748,0.3845
ML-DSA-65,Verification,749,0.3845
ML-DSA-65,Verification,750,0.3922
ML-DSA-65,Verification,751,0.3847
ML-DSA-65,Verification,752,0.58
ML-DSA-65,Verification,753,0.5978
ML-DSA-65,Verification,754,0.4004
ML-DSA-65,Verification,755,0.3861
ML-DSA-65,Verification,756,0.3847
ML-DSA-65,Verification,757,0.4406
ML-DSA-65,Verification,758,0.3856
ML-DSA-65,Verification,759,0.3946
ML-DSA-65,Verification,760,0.3853
ML-DSA-65,Verification,761,0.3843
ML-DSA-65,Verification,762,0.3848
ML-DSA-65,Verification,763,0.3844
ML-DSA-65,Verification,764,0.3842
ML-DSA-65,Verification,765,0.3924
ML-DSA-65,Verification,766,0.3854
ML-DSA-65,Verification,767,0.3842
ML-DSA-65,Verification,768,0.3841
ML-DSA-65,Verification,769,0.3843
ML-DSA-65,Verification,770,0.4296
ML-DSA-65,Verification,771,0.3857
ML-DSA-65,Verification,772,0.3846
ML-DSA-65,Verification,773,0.3844
ML-DSA-65,Verification,774,0.4294
ML-DSA-65,Verification,775,0.3971
ML-DSA-65,Verification,776,0.3714
ML-DSA-65,Verification,777,0.3707
ML-DSA-65,Verification,778,0.3706
ML-DSA-65,Verification,779,0.3835
ML-DSA-65,Verification,780,0.3714
ML-DSA-65,Verification,781,0.3706
ML-DSA-65,Verification,782,0.4118
ML-DSA-65,Verification,783,0.3722
ML-DSA-65,Verification,784,0.3804
ML-DSA-65,Verification,785,0.3725
ML-DSA-65,Verification,786,0.372
ML-DSA-65,Verification,787,0.3719
ML-DSA-65,Verification,788,0.3719
ML-DSA-65,Verification,789,0.3811
ML-DSA-65,Verification,790,0.373
ML-DSA-65,Verification,791,0.3721
ML-DSA-65,Verification,792,0.3724
ML-DSA-65,Verification,793,0.3723
ML-DSA-65,Verification,794,0.3722
ML-DSA-65,Verification,795,0.3777
ML-DSA-65,Verification,796,0.3709
ML-DSA-65,Verification,797,0.3709
ML-DSA-65,Verification,798,0.3716
ML-DSA-65,Verification,799,0.3721
ML-DSA-65,Verification,800,0.3788
ML-DSA-65,Verification,801,0.3723
ML-DSA-65,Verification,802,0.3719
ML-DSA-65,Verification,803,0.3719
ML-DSA-65,Verification,804,0.372
ML-DSA-65,Verification,805,0.3786
ML-DSA-65,Verification,806,0.3715
ML-DSA-65,Verification,807,0.3707
ML-DSA-65,Verification,808,0.3705
ML-DSA-65,Verification,809,0.3706
ML-DSA-65,Verification,810,0.3706
ML-DSA-65,Verification,811,0.379
ML-DSA-65,Verification,812,0.3712
ML-DSA-65,Verification,813,0.3707
ML-DSA-65,Verification,814,0.3708
ML-DSA-65,Verification,815,0.3706
ML-DSA-65,Verification,816,0.4005
ML-DSA-65,Verification,817,0.4308
ML-DSA-65,Verification,818,0.389
ML-DSA-65,Verification,819,0.3856
ML-DSA-65,Verification,820,0.385
ML-DSA-65,Verification,821,0.3957
ML-DSA-65,Verification,822,0.3969
ML-DSA-65,Verification,823,0.3853
ML-DSA-65,Verification,824,0.3844
ML-DSA-65,Verification,825,0.3846
ML-DSA-65,Verification,826,0.4125
ML-DSA-65,Verification,827,0.3962
ML-DSA-65,Verification,828,0.3849
ML-DSA-65,Verification,829,0.3858
ML-DSA-65,Verification,830,0.3858
ML-DSA-65,Verification,831,0.3857
ML-DSA-65,Verification,832,0.3948
ML-DSA-65,Verification,833,0.3864
ML-DSA-65,Verification,834,0.3859
ML-DSA-65,Verification,835,0.3861
ML-DSA-65,Verification,836,0.3859
ML-DSA-65,Verification,837,0.3945
ML-DSA-65,Verification,838,0.3849
ML-DSA-65,Verification,839,0.3845
ML-DSA-65,Verification,840,0.3845
ML-DSA-65,Verification,841,0.3843
ML-DSA-65,Verification,842,0.3942
ML-DSA-65,Verification,843,0.3849
ML-DSA-65,Verification,844,0.3843
ML-DSA-65,Verification,845,0.3844
ML-DSA-65,Verification,846,0.3843
ML-DSA-65,Verification,847,0.4312
ML-DSA-65,Verification,848,0.3858
ML-DSA-65,Verification,849,0.3845
ML-DSA-65,Verification,850,0.3844
ML-DSA-65,Verification,851,0.3843
ML-DSA-65,Verification,852,0.3946
ML-DSA-65,Verification,853,0.385
ML-DSA-65,Verification,854,0.3844
ML-DSA-65,Verification,855,0.3845
ML-DSA-65,Verification,856,0.3844
ML-DSA-65,Verification,857,0.5342
ML-DSA-65,Verification,858,0.3901
ML-DSA-65,Verification,859,0.3873
ML-DSA-65,Verification,860,0.3866
ML-DSA-65,Verification,861,0.4026
ML-DSA-65,Verification,862,0.3879
ML-DSA-65,Verification,863,0.386
ML-DSA-65,Verification,864,0.3859
ML-DSA-65,Verification,865,0.3858
ML-DSA-65,Verification,866,0.3951
ML-DSA-65,Verification,867,0.4034
ML-DSA-65,Verification,868,0.4844
ML-DSA-65,Verification,869,0.6001
ML-DSA-65,Verification,870,0.6302
ML-DSA-65,Verification,871,0.4738
ML-DSA-65,Verification,872,0.3914
ML-DSA-65,Verification,873,0.4039
ML-DSA-65,Verification,874,0.3887
ML-DSA-65,Verification,875,0.3878
ML-DSA-65,Verification,876,0.3875
ML-DSA-65,Verification,877,0.3875
ML-DSA-65,Verification,878,0.3972
ML-DSA-65,Verification,879,0.3875
ML-DSA-65,Verification,880,0.3863
ML-DSA-65,Verification,881,0.3861
ML-DSA-65,Verification,882,0.3863
ML-DSA-65,Verification,883,0.3965
ML-DSA-65,Verification,884,0.3856
ML-DSA-65,Verification,885,0.3846
ML-DSA-65,Verification,886,0.3845
ML-DSA-65,Verification,887,0.3845
ML-DSA-65,Verification,888,0.3843
ML-DSA-65,Verification,889,0.3925
ML-DSA-65,Verification,890,0.3851
ML-DSA-65,Verification,891,0.3845
ML-DSA-65,Verification,892,0.3844
ML-DSA-65,Verification,893,0.3843
ML-DSA-65,Verification,894,0.4524
ML-DSA-65,Verification,895,0.4567
ML-DSA-65,Verification,896,0.3738
ML-DSA-65,Verification,897,0.3712
ML-DSA-65,Verification,898,0.386
ML-DSA-65,Verification,899,0.3717
ML-DSA-65,Verification,900,0.3707
ML-DSA-65,Verification,901,0.3709
ML-DSA-65,Verification,902,0.3707
ML-DSA-65,Verification,903,0.38
ML-DSA-65,Verification,904,0.3716
ML-DSA-65,Verification,905,0.371
ML-DSA-65,Verification,906,0.3711
ML-DSA-65,Verification,907,0.3708
ML-DSA-65,Verification,908,0.3708
ML-DSA-65,Verification,909,0.403
ML-DSA-65,Verification,910,0.3885
ML-DSA-65,Verification,911,0.3706
ML-DSA-65,Verification,912,0.3707
ML-DSA-65,Verification,913,0.3707
ML-DSA-65,Verification,914,0.378
ML-DSA-65,Verification,915,0.371
ML-DSA-65,Verification,916,0.3705
ML-DSA-65,Verification,917,0.3704
ML-DSA-65,Verification,918,0.3707
ML-DSA-65,Verification,919,0.3798
ML-DSA-65,Verification,920,0.3719
ML-DSA-65,Verification,921,0.3708
ML-DSA-65,Verification,922,0.3707
ML-DSA-65,Verification,923,0.3721
ML-DSA-65,Verification,924,0.3721
ML-DSA-65,Verification,925,0.3797
ML-DSA-65,Verification,926,0.3726
ML-DSA-65,Verification,927,0.3723
ML-DSA-65,Verification,928,0.3721
ML-DSA-65,Verification,929,0.3722
ML-DSA-65,Verification,930,0.3796
ML-DSA-65,Verification,931,0.3726
ML-DSA-65,Verification,932,0.372
ML-DSA-65,Verification,933,0.3707
ML-DSA-65,Verification,934,0.3707
ML-DSA-65,Verification,935,0.3706
ML-DSA-65,Verification,936,0.4664
ML-DSA-65,Verification,937,0.4017
ML-DSA-65,Verification,938,0.3712
ML-DSA-65,Verification,939,0.3708
ML-DSA-65,Verification,940,0.3706
ML-DSA-65,Verification,941,0.3809
ML-DSA-65,Verification,942,0.3715
ML-DSA-65,Verification,943,0.3708
ML-DSA-65,Verification,944,0.3705
ML-DSA-65,Verification,945,0.3705
ML-DSA-65,Verification,946,0.3788
ML-DSA-65,Verification,947,0.3713
ML-DSA-65,Verification,948,0.3706
ML-DSA-65,Verification,949,0.3775
ML-DSA-65,Verification,950,0.3705
ML-DSA-65,Verification,951,0.3781
ML-DSA-65,Verification,952,0.371
ML-DSA-65,Verification,953,0.3916
ML-DSA-65,Verification,954,0.3898
ML-DSA-65,Verification,955,0.3708
ML-DSA-65,Verification,956,0.3705
ML-DSA-65,Verification,957,0.3806
ML-DSA-65,Verification,958,0.3713
ML-DSA-65,Verification,959,0.3708
ML-DSA-65,Verification,960,0.3705
ML-DSA-65,Verification,961,0.3705
ML-DSA-65,Verification,962,0.3783
ML-DSA-65,Verification,963,0.3712
ML-DSA-65,Verification,964,0.3724
ML-DSA-65,Verification,965,0.3708
ML-DSA-65,Verification,966,0.3705
ML-DSA-65,Verification,967,0.3779
ML-DSA-65,Verification,968,0.3713
ML-DSA-65,Verification,969,0.3708
ML-DSA-65,Verification,970,0.3705
ML-DSA-65,Verification,971,0.3902
ML-DSA-65,Verification,972,0.3997
ML-DSA-65,Verification,973,0.3808
ML-DSA-65,Verification,974,0.4953
ML-DSA-65,Verification,975,0.3896
ML-DSA-65,Verification,976,0.3854
ML-DSA-65,Verification,977,0.3851
ML-DSA-65,Verification,978,0.4673
ML-DSA-65,Verification,979,0.3876
ML-DSA-65,Verification,980,0.3849
ML-DSA-65,Verification,981,0.3848
ML-DSA-65,Verification,982,0.3845
ML-DSA-65,Verification,983,0.3977
ML-DSA-65,Verification,984,0.3857
ML-DSA-65,Verification,985,0.3846
ML-DSA-65,Verification,986,0.3845
ML-DSA-65,Verification,987,0.3843
ML-DSA-65,Verification,988,0.3844
ML-DSA-65,Verification,989,0.3953
ML-DSA-65,Verification,990,0.3851
ML-DSA-65,Verification,991,0.3845
ML-DSA-65,Verification,992,0.3844
ML-DSA-65,Verification,993,0.3843
ML-DSA-65,Verification,994,0.3927
ML-DSA-65,Verification,995,0.3848
ML-DSA-65,Verification,996,0.4191
ML-DSA-65,Verification,997,0.386
ML-DSA-65,Verification,998,0.3847
ML-DSA-65,Verification,999,0.3955
ML-DSA-65,Verification,1000,0.3854
ML-KEM-768,Key Generation,1,0.325
ML-KEM-768,Key Generation,2,0.32
ML-KEM-768,Key Generation,3,0.3206
ML-KEM-768,Key Generation,4,0.3222
ML-KEM-768,Key Generation,5,0.4995
ML-KEM-768,Key Generation,6,0.4471
ML-KEM-768,Key Generation,7,2.3816
ML-KEM-768,Key Generation,8,0.3901
ML-KEM-768,Key Generation,9,0.3523
ML-KEM-768,Key Generation,10,0.3439
ML-KEM-768,Key Generation,11,0.3422
ML-KEM-768,Key Generation,12,0.497
ML-KEM-768,Key Generation,13,0.5482
ML-KEM-768,Key Generation,14,1.9654
ML-KEM-768,Key Generation,15,0.5573
ML-KEM-768,Key Generation,16,0.7167
ML-KEM-768,Key Generation,17,0.4119
ML-KEM-768,Key Generation,18,0.3582
ML-KEM-768,Key Generation,19,4.0891
ML-KEM-768,Key Generation,20,0.397
ML-KEM-768,Key Generation,21,0.3375
ML-KEM-768,Key Generation,22,0.3316
ML-KEM-768,Key Generation,23,0.353
ML-KEM-768,Key Generation,24,0.3354
ML-KEM-768,Key Generation,25,0.3433
ML-KEM-768,Key Generation,26,0.3389
ML-KEM-768,Key Generation,27,0.3326
ML-KEM-768,Key Generation,28,0.3349
ML-KEM-768,Key Generation,29,0.3434
ML-KEM-768,Key Generation,30,0.3306
ML-KEM-768,Key Generation,31,0.3308
ML-KEM-768,Key Generation,32,0.3373
ML-KEM-768,Key Generation,33,0.3281
ML-KEM-768,Key Generation,34,0.3272
ML-KEM-768,Key Generation,35,0.348
ML-KEM-768,Key Generation,36,0.3314
ML-KEM-768,Key Generation,37,0.3347
ML-KEM-768,Key Generation,38,0.3345
ML-KEM-768,Key Generation,39,0.347
ML-KEM-768,Key Generation,40,0.3295
ML-KEM-768,Key Generation,41,0.3397
ML-KEM-768,Key Generation,42,0.3338
ML-KEM-768,Key Generation,43,0.3302
ML-KEM-768,Key Generation,44,0.3317
ML-KEM-768,Key Generation,45,0.3329
ML-KEM-768,Key Generation,46,0.3274
ML-KEM-768,Key Generation,47,0.3467
ML-KEM-768,Key Generation,48,0.3297
ML-KEM-768,Key Generation,49,0.327
ML-KEM-768,Key Generation,50,0.3353
ML-KEM-768,Key Generation,51,0.3326
ML-KEM-768,Key Generation,52,0.3295
ML-KEM-768,Key Generation,53,0.9951
ML-KEM-768,Key Generation,54,0.6202
ML-KEM-768,Key Generation,55,0.3912
ML-KEM-768,Key Generation,56,0.3359
ML-KEM-768,Key Generation,57,0.3362
ML-KEM-768,Key Generation,58,0.3671
ML-KEM-768,Key Generation,59,0.3484
ML-KEM-768,Key Generation,60,0.3279
ML-KEM-768,Key Generation,61,0.357
ML-KEM-768,Key Generation,62,0.3195
ML-KEM-768,Key Generation,63,0.3292
ML-KEM-768,Key Generation,64,0.3719
ML-KEM-768,Key Generation,65,0.3319
ML-KEM-768,Key Generation,66,0.321
ML-KEM-768,Key Generation,67,0.3598
ML-KEM-768,Key Generation,68,0.325
ML-KEM-768,Key Generation,69,0.3229
ML-KEM-768,Key Generation,70,0.3604
ML-KEM-768,Key Generation,71,0.3365
ML-KEM-768,Key Generation,72,0.3244
ML-KEM-768,Key Generation,73,0.3602
ML-KEM-768,Key Generation,74,0.32
ML-KEM-768,Key Generation,75,0.3229
ML-KEM-768,Key Generation,76,0.3652
ML-KEM-768,Key Generation,77,0.3318
ML-KEM-768,Key Generation,78,0.3245
ML-KEM-768,Key Generation,79,0.3575
ML-KEM-768,Key Generation,80,0.3159
ML-KEM-768,Key Generation,81,0.3199
ML-KEM-768,Key Generation,82,0.3554
ML-KEM-768,Key Generation,83,0.3245
ML-KEM-768,Key Generation,84,0.3188
ML-KEM-768,Key Generation,85,0.3985
ML-KEM-768,Key Generation,86,0.3184
ML-KEM-768,Key Generation,87,0.3211
ML-KEM-768,Key Generation,88,0.361
ML-KEM-768,Key Generation,89,0.3301
ML-KEM-768,Key Generation,90,0.3166
ML-KEM-768,Key Generation,91,0.3565
ML-KEM-768,Key Generation,92,0.3215
ML-KEM-768,Key Generation,93,0.3202
ML-KEM-768,Key Generation,94,0.3605
ML-KEM-768,Key Generation,95,0.3256
ML-KEM-768,Key Generation,96,0.3356
ML-KEM-768,Key Generation,97,0.411
ML-KEM-768,Key Generation,98,0.316
ML-KEM-768,Key Generation,99,0.3442
ML-KEM-768,Key Generation,100,0.6937
ML-KEM-768,Key Generation,101,0.3427
ML-KEM-768,Key Generation,102,0.3347
ML-KEM-768,Key Generation,103,0.3385
ML-KEM-768,Key Generation,104,0.3335
ML-KEM-768,Key Generation,105,0.3344
ML-KEM-768,Key Generation,106,0.3362
ML-KEM-768,Key Generation,107,0.3239
ML-KEM-768,Key Generation,108,0.3249
ML-KEM-768,Key Generation,109,0.3389
ML-KEM-768,Key Generation,110,0.3393
ML-KEM-768,Key Generation,111,0.3283
ML-KEM-768,Key Generation,112,0.3331
ML-KEM-768,Key Generation,113,0.3228
ML-KEM-768,Key Generation,114,0.3237
ML-KEM-768,Key Generation,115,0.3376
ML-KEM-768,Key Generation,116,0.3311
ML-KEM-768,Key Generation,117,0.3297
ML-KEM-768,Key Generation,118,0.3367
ML-KEM-768,Key Generation,119,0.3249
ML-KEM-768,Key Generation,120,0.3245
ML-KEM-768,Key Generation,121,0.3373
ML-KEM-768,Key Generation,122,0.3235
ML-KEM-768,Key Generation,123,0.3286
ML-KEM-768,Key Generation,124,0.3342
ML-KEM-768,Key Generation,125,0.3257
ML-KEM-768,Key Generation,126,0.3289
ML-KEM-768,Key Generation,127,0.3333
ML-KEM-768,Key Generation,128,0.3254
ML-KEM-768,Key Generation,129,0.3214
ML-KEM-768,Key Generation,130,0.336
ML-KEM-768,Key Generation,131,0.3262
ML-KEM-768,Key Generation,132,0.3243
ML-KEM-768,Key Generation,133,0.3348
ML-KEM-768,Key Generation,134,0.3236
ML-KEM-768,Key Generation,135,0.3305
ML-KEM-768,Key Generation,136,0.3437
ML-KEM-768,Key Generation,137,0.3272
ML-KEM-768,Key Generation,138,0.332
ML-KEM-768,Key Generation,139,0.3295
ML-KEM-768,Key Generation,140,0.3224
ML-KEM-768,Key Generation,141,0.3358
ML-KEM-768,Key Generation,142,0.6211
ML-KEM-768,Key Generation,143,0.3747
ML-KEM-768,Key Generation,144,1.0607
ML-KEM-768,Key Generation,145,0.3668
ML-KEM-768,Key Generation,146,0.3454
ML-KEM-768,Key Generation,147,0.3428
ML-KEM-768,Key Generation,148,0.3662
ML-KEM-768,Key Generation,149,0.3258
ML-KEM-768,Key Generation,150,0.3275
ML-KEM-768,Key Generation,151,0.3185
ML-KEM-768,Key Generation,152,0.3296
ML-KEM-768,Key Generation,153,0.3209
ML-KEM-768,Key Generation,154,0.3222
ML-KEM-768,Key Generation,155,0.3207
ML-KEM-768,Key Generation,156,0.3372
ML-KEM-768,Key Generation,157,0.3193
ML-KEM-768,Key Generation,158,0.3204
ML-KEM-768,Key Generation,159,0.315
ML-KEM-768,Key Generation,160,0.3107
ML-KEM-768,Key Generation,161,0.3135
ML-KEM-768,Key Generation,162,0.3224
ML-KEM-768,Key Generation,163,0.3314
ML-KEM-768,Key Generation,164,0.3129
ML-KEM-768,Key Generation,165,0.3132
ML-KEM-768,Key Generation,166,0.3132
ML-KEM-768,Key Generation,167,0.3207
ML-KEM-768,Key Generation,168,0.3173
ML-KEM-768,Key Generation,169,0.3253
ML-KEM-768,Key Generation,170,0.323
ML-KEM-768,Key Generation,171,0.3196
ML-KEM-768,Key Generation,172,0.3249
ML-KEM-768,Key Generation,173,0.3622
ML-KEM-768,Key Generation,174,0.353
ML-KEM-768,Key Generation,175,0.3283
ML-KEM-768,Key Generation,176,0.3285
ML-KEM-768,Key Generation,177,0.3174
ML-KEM-768,Key Generation,178,0.3097
ML-KEM-768,Key Generation,179,0.3165
ML-KEM-768,Key Generation,180,0.3175
ML-KEM-768,Key Generation,181,0.3274
ML-KEM-768,Key Generation,182,0.3141
ML-KEM-768,Key Generation,183,0.3191
ML-KEM-768,Key Generation,184,0.3172
ML-KEM-768,Key Generation,185,0.3153
ML-KEM-768,Key Generation,186,0.3378
ML-KEM-768,Key Generation,187,0.3344
ML-KEM-768,Key Generation,188,0.3174
ML-KEM-768,Key Generation,189,0.3187
ML-KEM-768,Key Generation,190,0.3126
ML-KEM-768,Key Generation,191,0.3144
ML-KEM-768,Key Generation,192,0.3129
ML-KEM-768,Key Generation,193,0.3208
ML-KEM-768,Key Generation,194,0.3302
ML-KEM-768,Key Generation,195,0.3165
ML-KEM-768,Key Generation,196,0.3647
ML-KEM-768,Key Generation,197,0.6199
ML-KEM-768,Key Generation,198,0.5008
ML-KEM-768,Key Generation,199,0.3896
ML-KEM-768,Key Generation,200,0.3538
ML-KEM-768,Key Generation,201,0.3339
ML-KEM-768,Key Generation,202,0.3451
ML-KEM-768,Key Generation,203,0.3299
ML-KEM-768,Key Generation,204,0.3288
ML-KEM-768,Key Generation,205,0.3248
ML-KEM-768,Key Generation,206,0.3499
ML-KEM-768,Key Generation,207,0.3528
ML-KEM-768,Key Generation,208,0.3321
ML-KEM-768,Key Generation,209,0.3253
ML-KEM-768,Key Generation,210,0.3256
ML-KEM-768,Key Generation,211,0.3306
ML-KEM-768,Key Generation,212,0.3314
ML-KEM-768,Key Generation,213,0.3239
ML-KEM-768,Key Generation,214,0.343
ML-KEM-768,Key Generation,215,0.3359
ML-KEM-768,Key Generation,216,0.324
ML-KEM-768,Key Generation,217,0.339
ML-KEM-768,Key Generation,218,0.333
ML-KEM-768,Key Generation,219,0.3221
ML-KEM-768,Key Generation,220,0.3368
ML-KEM-768,Key Generation,221,0.3317
ML-KEM-768,Key Generation,222,0.3229
ML-KEM-768,Key Generation,223,0.3173
ML-KEM-768,Key Generation,224,0.3202
ML-KEM-768,Key Generation,225,0.3311
ML-KEM-768,Key Generation,226,0.3383
ML-KEM-768,Key Generation,227,0.3304
ML-KEM-768,Key Generation,228,0.3244
ML-KEM-768,Key Generation,229,0.3268
ML-KEM-768,Key Generation,230,0.3287
ML-KEM-768,Key Generation,231,0.3318
ML-KEM-768,Key Generation,232,0.3415
ML-KEM-768,Key Generation,233,0.3234
ML-KEM-768,Key Generation,234,0.3332
ML-KEM-768,Key Generation,235,0.3324
ML-KEM-768,Key Generation,236,0.3323
ML-KEM-768,Key Generation,237,0.3287
ML-KEM-768,Key Generation,238,0.342
ML-KEM-768,Key Generation,239,0.3248
ML-KEM-768,Key Generation,240,0.3248
ML-KEM-768,Key Generation,241,0.3281
ML-KEM-768,Key Generation,242,0.3293
ML-KEM-768,Key Generation,243,0.416
ML-KEM-768,Key Generation,244,0.4279
ML-KEM-768,Key Generation,245,0.3295
ML-KEM-768,Key Generation,246,0.3587
ML-KEM-768,Key Generation,247,0.331
ML-KEM-768,Key Generation,248,0.3411
ML-KEM-768,Key Generation,249,0.3269
ML-KEM-768,Key Generation,250,0.3259
ML-KEM-768,Key Generation,251,0.3235
ML-KEM-768,Key Generation,252,0.3263
ML-KEM-768,Key Generation,253,0.3314
ML-KEM-768,Key Generation,254,0.3458
ML-KEM-768,Key Generation,255,0.3238
ML-KEM-768,Key Generation,256,0.3221
ML-KEM-768,Key Generation,257,0.3234
ML-KEM-768,Key Generation,258,0.3267
ML-KEM-768,Key Generation,259,0.323
ML-KEM-768,Key Generation,260,0.3245
ML-KEM-768,Key Generation,261,0.3838
ML-KEM-768,Key Generation,262,0.3385
ML-KEM-768,Key Generation,263,0.332
ML-KEM-768,Key Generation,264,0.3209
ML-KEM-768,Key Generation,265,0.3213
ML-KEM-768,Key Generation,266,0.3178
ML-KEM-768,Key Generation,267,0.3355
ML-KEM-768,Key Generation,268,0.3367
ML-KEM-768,Key Generation,269,0.3313
ML-KEM-768,Key Generation,270,0.3224
ML-KEM-768,Key Generation,271,0.3331
ML-KEM-768,Key Generation,272,0.3263
ML-KEM-768,Key Generation,273,0.3408
ML-KEM-768,Key Generation,274,0.3294
ML-KEM-768,Key Generation,275,0.322
ML-KEM-768,Key Generation,276,0.3234
ML-KEM-768,Key Generation,277,0.3319
ML-KEM-768,Key Generation,278,0.3246
ML-KEM-768,Key Generation,279,0.3388
ML-KEM-768,Key Generation,280,0.3214
ML-KEM-768,Key Generation,281,0.3309
ML-KEM-768,Key Generation,282,0.3209
ML-KEM-768,Key Generation,283,0.3194
ML-KEM-768,Key Generation,284,0.3198
ML-KEM-768,Key Generation,285,0.3355
ML-KEM-768,Key Generation,286,0.3169
ML-KEM-768,Key Generation,287,0.3296
ML-KEM-768,Key Generation,288,0.3251
ML-KEM-768,Key Generation,289,0.3185
ML-KEM-768,Key Generation,290,0.3831
ML-KEM-768,Key Generation,291,0.3794
ML-KEM-768,Key Generation,292,0.3312
ML-KEM-768,Key Generation,293,0.3288
ML-KEM-768,Key Generation,294,0.3836
ML-KEM-768,Key Generation,295,0.3196
ML-KEM-768,Key Generation,296,0.3223
ML-KEM-768,Key Generation,297,0.3329
ML-KEM-768,Key Generation,298,0.3204
ML-KEM-768,Key Generation,299,0.325
ML-KEM-768,Key Generation,300,0.3227
ML-KEM-768,Key Generation,301,0.3193
ML-KEM-768,Key Generation,302,0.3164
ML-KEM-768,Key Generation,303,0.3239
ML-KEM-768,Key Generation,304,0.3259
ML-KEM-768,Key Generation,305,0.3139
ML-KEM-768,Key Generation,306,0.3157
ML-KEM-768,Key Generation,307,0.312
ML-KEM-768,Key Generation,308,0.3181
ML-KEM-768,Key Generation,309,0.3239
ML-KEM-768,Key Generation,310,0.3246
ML-KEM-768,Key Generation,311,0.3175
ML-KEM-768,Key Generation,312,0.3131
ML-KEM-768,Key Generation,313,0.3182
ML-KEM-768,Key Generation,314,0.3116
ML-KEM-768,Key Generation,315,0.3141
ML-KEM-768,Key Generation,316,0.3304
ML-KEM-768,Key Generation,317,0.3228
ML-KEM-768,Key Generation,318,0.3176
ML-KEM-768,Key Generation,319,0.3171
ML-KEM-768,Key Generation,320,0.3226
ML-KEM-768,Key Generation,321,0.313
ML-KEM-768,Key Generation,322,0.3294
ML-KEM-768,Key Generation,323,0.314
ML-KEM-768,Key Generation,324,0.3195
ML-KEM-768,Key Generation,325,0.3204
ML-KEM-768,Key Generation,326,0.3157
ML-KEM-768,Key Generation,327,0.3253
ML-KEM-768,Key Generation,328,0.319
ML-KEM-768,Key Generation,329,0.3347
ML-KEM-768,Key Generation,330,0.3182
ML-KEM-768,Key Generation,331,0.3144
ML-KEM-768,Key Generation,332,0.3158
ML-KEM-768,Key Generation,333,0.3202
ML-KEM-768,Key Generation,334,0.322
ML-KEM-768,Key Generation,335,0.3357
ML-KEM-768,Key Generation,336,0.3155
ML-KEM-768,Key Generation,337,0.3222
ML-KEM-768,Key Generation,338,0.3179
ML-KEM-768,Key Generation,339,0.3908
ML-KEM-768,Key Generation,340,0.3682
ML-KEM-768,Key Generation,341,0.3372
ML-KEM-768,Key Generation,342,0.3271
ML-KEM-768,Key Generation,343,0.3338
ML-KEM-768,Key Generation,344,0.3409
ML-KEM-768,Key Generation,345,0.4085
ML-KEM-768,Key Generation,346,0.3319
ML-KEM-768,Key Generation,347,0.3251
ML-KEM-768,Key Generation,348,0.3231
ML-KEM-768,Key Generation,349,0.3276
ML-KEM-768,Key Generation,350,0.3209
ML-KEM-768,Key Generation,351,0.3835
ML-KEM-768,Key Generation,352,0.328
ML-KEM-768,Key Generation,353,0.3232
ML-KEM-768,Key Generation,354,0.3288
ML-KEM-768,Key Generation,355,0.3178
ML-KEM-768,Key Generation,356,0.3274
ML-KEM-768,Key Generation,357,0.3457
ML-KEM-768,Key Generation,358,0.3319
ML-KEM-768,Key Generation,359,0.3286
ML-KEM-768,Key Generation,360,0.3203
ML-KEM-768,Key Generation,361,0.3245
ML-KEM-768,Key Generation,362,0.3242
ML-KEM-768,Key Generation,363,0.3399
ML-KEM-768,Key Generation,364,0.3245
ML-KEM-768,Key Generation,365,0.3312
ML-KEM-768,Key Generation,366,0.329
ML-KEM-768,Key Generation,367,0.3432
ML-KEM-768,Key Generation,368,0.3273
ML-KEM-768,Key Generation,369,0.3383
ML-KEM-768,Key Generation,370,0.3242
ML-KEM-768,Key Generation,371,0.3271
ML-KEM-768,Key Generation,372,0.3228
ML-KEM-768,Key Generation,373,0.3171
ML-KEM-768,Key Generation,374,0.3264
ML-KEM-768,Key Generation,375,0.341
ML-KEM-768,Key Generation,376,0.3332
ML-KEM-768,Key Generation,377,0.3243
ML-KEM-768,Key Generation,378,0.3224
ML-KEM-768,Key Generation,379,0.3313
ML-KEM-768,Key Generation,380,0.3214
ML-KEM-768,Key Generation,381,0.3327
ML-KEM-768,Key Generation,382,0.3243
ML-KEM-768,Key Generation,383,0.3204
ML-KEM-768,Key Generation,384,0.3267
ML-KEM-768,Key Generation,385,0.325
ML-KEM-768,Key Generation,386,0.3522
ML-KEM-768,Key Generation,387,0.3385
ML-KEM-768,Key Generation,388,0.3261
ML-KEM-768,Key Generation,389,0.334
ML-KEM-768,Key Generation,390,0.3247
ML-KEM-768,Key Generation,391,0.3261
ML-KEM-768,Key Generation,392,0.3377
ML-KEM-768,Key Generation,393,0.3283
ML-KEM-768,Key Generation,394,0.3211
ML-KEM-768,Key Generation,395,0.3803
ML-KEM-768,Key Generation,396,0.3434
ML-KEM-768,Key Generation,397,0.3315
ML-KEM-768,Key Generation,398,0.3377
ML-KEM-768,Key Generation,399,0.3285
ML-KEM-768,Key Generation,400,0.3211
ML-KEM-768,Key Generation,401,0.3205
ML-KEM-768,Key Generation,402,0.3231
ML-KEM-768,Key Generation,403,0.3231
ML-KEM-768,Key Generation,404,0.3441
ML-KEM-768,Key Generation,405,0.3243
ML-KEM-768,Key Generation,406,0.3229
ML-KEM-768,Key Generation,407,0.3227
ML-KEM-768,Key Generation,408,0.3294
ML-KEM-768,Key Generation,409,0.3207
ML-KEM-768,Key Generation,410,0.3293
ML-KEM-768,Key Generation,411,0.3271
ML-KEM-768,Key Generation,412,0.3237
ML-KEM-768,Key Generation,413,0.3241
ML-KEM-768,Key Generation,414,0.3195
ML-KEM-768,Key Generation,415,0.3241
ML-KEM-768,Key Generation,416,0.3409
ML-KEM-768,Key Generation,417,0.3282
ML-KEM-768,Key Generation,418,0.3191
ML-KEM-768,Key Generation,419,0.3287
ML-KEM-768,Key Generation,420,0.3271
ML-KEM-768,Key Generation,421,0.3255
ML-KEM-768,Key Generation,422,0.3354
ML-KEM-768,Key Generation,423,0.3434
ML-KEM-768,Key Generation,424,0.3238
ML-KEM-768,Key Generation,425,0.3225
ML-KEM-768,Key Generation,426,0.325
ML-KEM-768,Key Generation,427,0.3228
ML-KEM-768,Key Generation,428,0.3189
ML-KEM-768,Key Generation,429,0.3469
ML-KEM-768,Key Generation,430,0.3215
ML-KEM-768,Key Generation,431,0.3223
ML-KEM-768,Key Generation,432,0.3291
ML-KEM-768,Key Generation,433,0.3233
ML-KEM-768,Key Generation,434,0.6044
ML-KEM-768,Key Generation,435,0.3445
ML-KEM-768,Key Generation,436,0.329
ML-KEM-768,Key Generation,437,0.4862
ML-KEM-768,Key Generation,438,0.3818
ML-KEM-768,Key Generation,439,0.4006
ML-KEM-768,Key Generation,440,0.3248
ML-KEM-768,Key Generation,441,0.3118
ML-KEM-768,Key Generation,442,0.3205
ML-KEM-768,Key Generation,443,0.3184
ML-KEM-768,Key Generation,444,0.4015
ML-KEM-768,Key Generation,445,0.3266
ML-KEM-768,Key Generation,446,0.3162
ML-KEM-768,Key Generation,447,0.3196
ML-KEM-768,Key Generation,448,0.3211
ML-KEM-768,Key Generation,449,0.3186
ML-KEM-768,Key Generation,450,0.314
ML-KEM-768,Key Generation,451,0.3347
ML-KEM-768,Key Generation,452,0.3254
ML-KEM-768,Key Generation,453,0.3197
ML-KEM-768,Key Generation,454,0.3187
ML-KEM-768,Key Generation,455,0.3166
ML-KEM-768,Key Generation,456,0.3162
ML-KEM-768,Key Generation,457,0.3244
ML-KEM-768,Key Generation,458,0.3168
ML-KEM-768,Key Generation,459,0.323
ML-KEM-768,Key Generation,460,0.3165
ML-KEM-768,Key Generation,461,0.313
ML-KEM-768,Key Generation,462,0.3229
ML-KEM-768,Key Generation,463,0.3272
ML-KEM-768,Key Generation,464,0.3179
ML-KEM-768,Key Generation,465,0.3177
ML-KEM-768,Key Generation,466,0.3179
ML-KEM-768,Key Generation,467,0.3175
ML-KEM-768,Key Generation,468,0.3172
ML-KEM-768,Key Generation,469,0.333
ML-KEM-768,Key Generation,470,0.3177
ML-KEM-768,Key Generation,471,0.3173
ML-KEM-768,Key Generation,472,0.3176
ML-KEM-768,Key Generation,473,0.3154
ML-KEM-768,Key Generation,474,0.3162
ML-KEM-768,Key Generation,475,0.3243
ML-KEM-768,Key Generation,476,0.3203
ML-KEM-768,Key Generation,477,0.3221
ML-KEM-768,Key Generation,478,0.3203
ML-KEM-768,Key Generation,479,0.6595
ML-KEM-768,Key Generation,480,0.7048
ML-KEM-768,Key Generation,481,0.3318
ML-KEM-768,Key Generation,482,0.3153
ML-KEM-768,Key Generation,483,0.3357
ML-KEM-768,Key Generation,484,0.3192
ML-KEM-768,Key Generation,485,0.3342
ML-KEM-768,Key Generation,486,0.3229
ML-KEM-768,Key Generation,487,0.3143
ML-KEM-768,Key Generation,488,0.3146
ML-KEM-768,Key Generation,489,0.316
ML-KEM-768,Key Generation,490,0.318
ML-KEM-768,Key Generation,491,0.3276
ML-KEM-768,Key Generation,492,0.3192
ML-KEM-768,Key Generation,493,0.3823
ML-KEM-768,Key Generation,494,0.3146
ML-KEM-768,Key Generation,495,0.3189
ML-KEM-768,Key Generation,496,0.321
ML-KEM-768,Key Generation,497,0.327
ML-KEM-768,Key Generation,498,0.3129
ML-KEM-768,Key Generation,499,0.3172
ML-KEM-768,Key Generation,500,0.316
ML-KEM-768,Key Generation,501,0.3245
ML-KEM-768,Key Generation,502,0.3224
ML-KEM-768,Key Generation,503,0.3349
ML-KEM-768,Key Generation,504,0.3195
ML-KEM-768,Key Generation,505,0.3224
ML-KEM-768,Key Generation,506,0.3146
ML-KEM-768,Key Generation,507,0.3148
ML-KEM-768,Key Generation,508,0.3165
ML-KEM-768,Key Generation,509,0.3173
ML-KEM-768,Key Generation,510,0.3259
ML-KEM-768,Key Generation,511,0.319
ML-KEM-768,Key Generation,512,0.3156
ML-KEM-768,Key Generation,513,0.3094
ML-KEM-768,Key Generation,514,0.3148
ML-KEM-768,Key Generation,515,0.3139
ML-KEM-768,Key Generation,516,0.3255
ML-KEM-768,Key Generation,517,0.3183
ML-KEM-768,Key Generation,518,0.3259
ML-KEM-768,Key Generation,519,0.3119
ML-KEM-768,Key Generation,520,0.3197
ML-KEM-768,Key Generation,521,0.315
ML-KEM-768,Key Generation,522,0.3224
ML-KEM-768,Key Generation,523,0.3171
ML-KEM-768,Key Generation,524,0.3152
ML-KEM-768,Key Generation,525,0.3112
ML-KEM-768,Key Generation,526,0.3191
ML-KEM-768,Key Generation,527,0.3189
ML-KEM-768,Key Generation,528,0.4374
ML-KEM-768,Key Generation,529,0.3748
ML-KEM-768,Key Generation,530,0.3231
ML-KEM-768,Key Generation,531,0.325
ML-KEM-768,Key Generation,532,0.3159
ML-KEM-768,Key Generation,533,0.3301
ML-KEM-768,Key Generation,534,0.3178
ML-KEM-768,Key Generation,535,0.315
ML-KEM-768,Key Generation,536,0.3217
ML-KEM-768,Key Generation,537,0.3192
ML-KEM-768,Key Generation,538,0.3117
ML-KEM-768,Key Generation,539,0.3211
ML-KEM-768,Key Generation,540,0.3308
ML-KEM-768,Key Generation,541,0.313
ML-KEM-768,Key Generation,542,0.3159
ML-KEM-768,Key Generation,543,0.3265
ML-KEM-768,Key Generation,544,0.3788
ML-KEM-768,Key Generation,545,0.3103
ML-KEM-768,Key Generation,546,0.3344
ML-KEM-768,Key Generation,547,0.3226
ML-KEM-768,Key Generation,548,0.3157
ML-KEM-768,Key Generation,549,0.3109
ML-KEM-768,Key Generation,550,0.3223
ML-KEM-768,Key Generation,551,0.3213
ML-KEM-768,Key Generation,552,0.3238
ML-KEM-768,Key Generation,553,0.3176
ML-KEM-768,Key Generation,554,0.3207
ML-KEM-768,Key Generation,555,0.3146
ML-KEM-768,Key Generation,556,0.3244
ML-KEM-768,Key Generation,557,0.322
ML-KEM-768,Key Generation,558,0.3281
ML-KEM-768,Key Generation,559,0.3259
ML-KEM-768,Key Generation,560,0.3181
ML-KEM-768,Key Generation,561,0.3279
ML-KEM-768,Key Generation,562,0.3172
ML-KEM-768,Key Generation,563,0.3119
ML-KEM-768,Key Generation,564,0.3246
ML-KEM-768,Key Generation,565,0.3174
ML-KEM-768,Key Generation,566,0.3178
ML-KEM-768,Key Generation,567,0.3201
ML-KEM-768,Key Generation,568,0.3205
ML-KEM-768,Key Generation,569,0.3104
ML-KEM-768,Key Generation,570,0.3144
ML-KEM-768,Key Generation,571,0.3309
ML-KEM-768,Key Generation,572,0.317
ML-KEM-768,Key Generation,573,0.3224
ML-KEM-768,Key Generation,574,0.3225
ML-KEM-768,Key Generation,575,0.3216
ML-KEM-768,Key Generation,576,0.4495
ML-KEM-768,Key Generation,577,0.3331
ML-KEM-768,Key Generation,578,0.3323
ML-KEM-768,Key Generation,579,0.3296
ML-KEM-768,Key Generation,580,0.3279
ML-KEM-768,Key Generation,581,0.347
ML-KEM-768,Key Generation,582,0.333
ML-KEM-768,Key Generation,583,0.3324
ML-KEM-768,Key Generation,584,0.3278
ML-KEM-768,Key Generation,585,0.3301
ML-KEM-768,Key Generation,586,0.3293
ML-KEM-768,Key Generation,587,0.344
ML-KEM-768,Key Generation,588,0.3229
ML-KEM-768,Key Generation,589,0.3223
ML-KEM-768,Key Generation,590,0.3278
ML-KEM-768,Key Generation,591,0.3282
ML-KEM-768,Key Generation,592,0.3346
ML-KEM-768,Key Generation,593,0.3339
ML-KEM-768,Key Generation,594,0.3267
ML-KEM-768,Key Generation,595,0.3228
ML-KEM-768,Key Generation,596,0.3186
ML-KEM-768,Key Generation,597,0.3254
ML-KEM-768,Key Generation,598,0.3629
ML-KEM-768,Key Generation,599,0.3342
ML-KEM-768,Key Generation,600,0.3303
ML-KEM-768,Key Generation,601,0.3219
ML-KEM-768,Key Generation,602,0.3171
ML-KEM-768,Key Generation,603,0.3247
ML-KEM-768,Key Generation,604,0.3224
ML-KEM-768,Key Generation,605,0.3301
ML-KEM-768,Key Generation,606,0.3254
ML-KEM-768,Key Generation,607,0.3254
ML-KEM-768,Key Generation,608,0.3247
ML-KEM-768,Key Generation,609,0.323
ML-KEM-768,Key Generation,610,0.3251
ML-KEM-768,Key Generation,611,0.3322
ML-KEM-768,Key Generation,612,0.32
ML-KEM-768,Key Generation,613,0.3251
ML-KEM-768,Key Generation,614,0.3188
ML-KEM-768,Key Generation,615,0.3249
ML-KEM-768,Key Generation,616,0.3252
ML-KEM-768,Key Generation,617,0.3199
ML-KEM-768,Key Generation,618,0.3395
ML-KEM-768,Key Generation,619,0.329
ML-KEM-768,Key Generation,620,0.3241
ML-KEM-768,Key Generation,621,0.3281
ML-KEM-768,Key Generation,622,0.3218
ML-KEM-768,Key Generation,623,0.3237
ML-KEM-768,Key Generation,624,0.3986
ML-KEM-768,Key Generation,625,0.3316
ML-KEM-768,Key Generation,626,0.3342
ML-KEM-768,Key Generation,627,0.3374
ML-KEM-768,Key Generation,628,0.5378
ML-KEM-768,Key Generation,629,0.3424
ML-KEM-768,Key Generation,630,0.3315
ML-KEM-768,Key Generation,631,0.3194
ML-KEM-768,Key Generation,632,0.3187
ML-KEM-768,Key Generation,633,0.3166
ML-KEM-768,Key Generation,634,0.3178
ML-KEM-768,Key Generation,635,0.3271
ML-KEM-768,Key Generation,636,0.317
ML-KEM-768,Key Generation,637,0.3166
ML-KEM-768,Key Generation,638,0.3139
ML-KEM-768,Key Generation,639,0.314
ML-KEM-768,Key Generation,640,0.3125
ML-KEM-768,Key Generation,641,0.3267
ML-KEM-768,Key Generation,642,0.3156
ML-KEM-768,Key Generation,643,0.3449
ML-KEM-768,Key Generation,644,0.3193
ML-KEM-768,Key Generation,645,0.3948
ML-KEM-768,Key Generation,646,0.3214
ML-KEM-768,Key Generation,647,0.3341
ML-KEM-768,Key Generation,648,0.3238
ML-KEM-768,Key Generation,649,0.335
ML-KEM-768,Key Generation,650,0.3096
ML-KEM-768,Key Generation,651,0.3147
ML-KEM-768,Key Generation,652,0.3125
ML-KEM-768,Key Generation,653,0.3289
ML-KEM-768,Key Generation,654,0.3303
ML-KEM-768,Key Generation,655,0.3172
ML-KEM-768,Key Generation,656,0.3265
ML-KEM-768,Key Generation,657,0.3188
ML-KEM-768,Key Generation,658,0.3151
ML-KEM-768,Key Generation,659,0.3165
ML-KEM-768,Key Generation,660,0.3272
ML-KEM-768,Key Generation,661,0.3167
ML-KEM-768,Key Generation,662,0.324
ML-KEM-768,Key Generation,663,0.3193
ML-KEM-768,Key Generation,664,0.3166
ML-KEM-768,Key Generation,665,0.317
ML-KEM-768,Key Generation,666,0.3291
ML-KEM-768,Key Generation,667,0.3186
ML-KEM-768,Key Generation,668,0.3176
ML-KEM-768,Key Generation,669,0.3209
ML-KEM-768,Key Generation,670,0.3195
ML-KEM-768,Key Generation,671,0.5712
ML-KEM-768,Key Generation,672,0.3926
ML-KEM-768,Key Generation,673,0.3541
ML-KEM-768,Key Generation,674,0.3352
ML-KEM-768,Key Generation,675,0.3231
ML-KEM-768,Key Generation,676,0.3464
ML-KEM-768,Key Generation,677,0.3253
ML-KEM-768,Key Generation,678,0.3396
ML-KEM-768,Key Generation,679,0.3277
ML-KEM-768,Key Generation,680,0.3394
ML-KEM-768,Key Generation,681,0.3208
ML-KEM-768,Key Generation,682,0.3398
ML-KEM-768,Key Generation,683,0.3267
ML-KEM-768,Key Generation,684,0.3211
ML-KEM-768,Key Generation,685,0.3265
ML-KEM-768,Key Generation,686,0.3202
ML-KEM-768,Key Generation,687,0.3216
ML-KEM-768,Key Generation,688,0.3393
ML-KEM-768,Key Generation,689,0.3292
ML-KEM-768,Key Generation,690,0.3233
ML-KEM-768,Key Generation,691,0.3311
ML-KEM-768,Key Generation,692,0.3318
ML-KEM-768,Key Generation,693,0.3275
ML-KEM-768,Key Generation,694,0.3406
ML-KEM-768,Key Generation,695,0.3313
ML-KEM-768,Key Generation,696,0.3243
ML-KEM-768,Key Generation,697,0.3271
ML-KEM-768,Key Generation,698,0.3255
ML-KEM-768,Key Generation,699,0.3218
ML-KEM-768,Key Generation,700,0.3467
ML-KEM-768,Key Generation,701,0.3274
ML-KEM-768,Key Generation,702,0.3219
ML-KEM-768,Key Generation,703,0.325
ML-KEM-768,Key Generation,704,0.3239
ML-KEM-768,Key Generation,705,0.3259
ML-KEM-768,Key Generation,706,0.3351
ML-KEM-768,Key Generation,707,0.3331
ML-KEM-768,Key Generation,708,0.3286
ML-KEM-768,Key Generation,709,0.3222
ML-KEM-768,Key Generation,710,0.32
ML-KEM-768,Key Generation,711,0.3254
ML-KEM-768,Key Generation,712,0.338
ML-KEM-768,Key Generation,713,0.3247
ML-KEM-768,Key Generation,714,0.3247
ML-KEM-768,Key Generation,715,0.3281
ML-KEM-768,Key Generation,716,0.3189
ML-KEM-768,Key Generation,717,0.3212
ML-KEM-768,Key Generation,718,0.331
ML-KEM-768,Key Generation,719,0.4414
ML-KEM-768,Key Generation,720,0.3448
ML-KEM-768,Key Generation,721,0.3301
ML-KEM-768,Key Generation,722,0.3259
ML-KEM-768,Key Generation,723,0.3256
ML-KEM-768,Key Generation,724,0.3446
ML-KEM-768,Key Generation,725,0.3254
ML-KEM-768,Key Generation,726,0.3268
ML-KEM-768,Key Generation,727,0.3214
ML-KEM-768,Key Generation,728,0.32
ML-KEM-768,Key Generation,729,0.3294
ML-KEM-768,Key Generation,730,0.3468
ML-KEM-768,Key Generation,731,0.3456
ML-KEM-768,Key Generation,732,0.3476
ML-KEM-768,Key Generation,733,0.3872
ML-KEM-768,Key Generation,734,0.4097
ML-KEM-768,Key Generation,735,0.3318
ML-KEM-768,Key Generation,736,0.3481
ML-KEM-768,Key Generation,737,0.3585
ML-KEM-768,Key Generation,738,0.3279
ML-KEM-768,Key Generation,739,0.3222
ML-KEM-768,Key Generation,740,0.329
ML-KEM-768,Key Generation,741,0.3177
ML-KEM-768,Key Generation,742,0.3391
ML-KEM-768,Key Generation,743,0.3252
ML-KEM-768,Key Generation,744,0.4099
ML-KEM-768,Key Generation,745,0.3214
ML-KEM-768,Key Generation,746,0.3174
ML-KEM-768,Key Generation,747,0.337
ML-KEM-768,Key Generation,748,0.3371
ML-KEM-768,Key Generation,749,0.3143
ML-KEM-768,Key Generation,750,0.3182
ML-KEM-768,Key Generation,751,0.3088
ML-KEM-768,Key Generation,752,0.3118
ML-KEM-768,Key Generation,753,0.3093
ML-KEM-768,Key Generation,754,0.3209
ML-KEM-768,Key Generation,755,0.3221
ML-KEM-768,Key Generation,756,0.3132
ML-KEM-768,Key Generation,757,0.3241
ML-KEM-768,Key Generation,758,0.3181
ML-KEM-768,Key Generation,759,0.3103
ML-KEM-768,Key Generation,760,0.3195
ML-KEM-768,Key Generation,761,0.3396
ML-KEM-768,Key Generation,762,0.3106
ML-KEM-768,Key Generation,763,0.3195
ML-KEM-768,Key Generation,764,0.3183
ML-KEM-768,Key Generation,765,0.312
ML-KEM-768,Key Generation,766,0.427
ML-KEM-768,Key Generation,767,0.3901
ML-KEM-768,Key Generation,768,0.3376
ML-KEM-768,Key Generation,769,0.3298
ML-KEM-768,Key Generation,770,0.327
ML-KEM-768,Key Generation,771,0.3521
ML-KEM-768,Key Generation,772,0.324
ML-KEM-768,Key Generation,773,0.3265
ML-KEM-768,Key Generation,774,0.342
ML-KEM-768,Key Generation,775,0.333
ML-KEM-768,Key Generation,776,0.323
ML-KEM-768,Key Generation,777,0.3522
ML-KEM-768,Key Generation,778,0.3204
ML-KEM-768,Key Generation,779,0.3285
ML-KEM-768,Key Generation,780,0.328
ML-KEM-768,Key Generation,781,0.3212
ML-KEM-768,Key Generation,782,0.3325
ML-KEM-768,Key Generation,783,0.3339
ML-KEM-768,Key Generation,784,0.328
ML-KEM-768,Key Generation,785,0.3315
ML-KEM-768,Key Generation,786,0.3432
ML-KEM-768,Key Generation,787,0.331
ML-KEM-768,Key Generation,788,0.3263
ML-KEM-768,Key Generation,789,0.3385
ML-KEM-768,Key Generation,790,0.3332
ML-KEM-768,Key Generation,791,0.3221
ML-KEM-768,Key Generation,792,0.3331
ML-KEM-768,Key Generation,793,0.3317
ML-KEM-768,Key Generation,794,0.3266
ML-KEM-768,Key Generation,795,0.3379
ML-KEM-768,Key Generation,796,0.325
ML-KEM-768,Key Generation,797,0.3267
ML-KEM-768,Key Generation,798,0.3237
ML-KEM-768,Key Generation,799,0.3263
ML-KEM-768,Key Generation,800,0.3254
ML-KEM-768,Key Generation,801,0.3344
ML-KEM-768,Key Generation,802,0.3216
ML-KEM-768,Key Generation,803,0.3262
ML-KEM-768,Key Generation,804,0.3247
ML-KEM-768,Key Generation,805,0.3258
ML-KEM-768,Key Generation,806,0.3278
ML-KEM-768,Key Generation,807,0.3347
ML-KEM-768,Key Generation,808,0.3233
ML-KEM-768,Key Generation,809,0.3256
ML-KEM-768,Key Generation,810,0.3223
ML-KEM-768,Key Generation,811,0.323
ML-KEM-768,Key Generation,812,0.3339
ML-KEM-768,Key Generation,813,0.3288
ML-KEM-768,Key Generation,814,0.3952
ML-KEM-768,Key Generation,815,0.3388
ML-KEM-768,Key Generation,816,0.3176
ML-KEM-768,Key Generation,817,0.3128
ML-KEM-768,Key Generation,818,0.3263
ML-KEM-768,Key Generation,819,0.3117
ML-KEM-768,Key Generation,820,0.3238
ML-KEM-768,Key Generation,821,0.3108
ML-KEM-768,Key Generation,822,0.3205
ML-KEM-768,Key Generation,823,0.3122
ML-KEM-768,Key Generation,824,0.3068
ML-KEM-768,Key Generation,825,0.3145
ML-KEM-768,Key Generation,826,0.3335
ML-KEM-768,Key Generation,827,0.3174
ML-KEM-768,Key Generation,828,0.3111
ML-KEM-768,Key Generation,829,0.3104
ML-KEM-768,Key Generation,830,0.3188
ML-KEM-768,Key Generation,831,0.3159
ML-KEM-768,Key Generation,832,0.3131
ML-KEM-768,Key Generation,833,0.33
ML-KEM-768,Key Generation,834,0.3128
ML-KEM-768,Key Generation,835,0.3167
ML-KEM-768,Key Generation,836,0.3086
ML-KEM-768,Key Generation,837,0.3106
ML-KEM-768,Key Generation,838,0.3176
ML-KEM-768,Key Generation,839,0.3238
ML-KEM-768,Key Generation,840,0.3095
ML-KEM-768,Key Generation,841,0.3128
ML-KEM-768,Key Generation,842,0.3204
ML-KEM-768,Key Generation,843,0.3136
ML-KEM-768,Key Generation,844,0.3142
ML-KEM-768,Key Generation,845,0.3798
ML-KEM-768,Key Generation,846,0.3151
ML-KEM-768,Key Generation,847,0.3097
ML-KEM-768,Key Generation,848,0.3129
ML-KEM-768,Key Generation,849,0.3121
ML-KEM-768,Key Generation,850,0.3148
ML-KEM-768,Key Generation,851,0.3251
ML-KEM-768,Key Generation,852,0.3119
ML-KEM-768,Key Generation,853,0.31
ML-KEM-768,Key Generation,854,0.3174
ML-KEM-768,Key Generation,855,0.3223
ML-KEM-768,Key Generation,856,0.3143
ML-KEM-768,Key Generation,857,0.3153
ML-KEM-768,Key Generation,858,0.3282
ML-KEM-768,Key Generation,859,0.3091
ML-KEM-768,Key Generation,860,0.3215
ML-KEM-768,Key Generation,861,0.3109
ML-KEM-768,Key Generation,862,0.3132
ML-KEM-768,Key Generation,863,0.4417
ML-KEM-768,Key Generation,864,0.4224
ML-KEM-768,Key Generation,865,0.3447
ML-KEM-768,Key Generation,866,0.3385
ML-KEM-768,Key Generation,867,0.3354
ML-KEM-768,Key Generation,868,0.3392
ML-KEM-768,Key Generation,869,0.332
ML-KEM-768,Key Generation,870,0.3259
ML-KEM-768,Key Generation,871,0.3249
ML-KEM-768,Key Generation,872,0.3318
ML-KEM-768,Key Generation,873,0.3281
ML-KEM-768,Key Generation,874,0.3465
ML-KEM-768,Key Generation,875,0.3221
ML-KEM-768,Key Generation,876,0.327
ML-KEM-768,Key Generation,877,0.3239
ML-KEM-768,Key Generation,878,0.3229
ML-KEM-768,Key Generation,879,0.3389
ML-KEM-768,Key Generation,880,0.345
ML-KEM-768,Key Generation,881,0.3386
ML-KEM-768,Key Generation,882,0.3289
ML-KEM-768,Key Generation,883,0.3387
ML-KEM-768,Key Generation,884,0.3249
ML-KEM-768,Key Generation,885,0.3239
ML-KEM-768,Key Generation,886,0.3437
ML-KEM-768,Key Generation,887,0.3307
ML-KEM-768,Key Generation,888,0.3317
ML-KEM-768,Key Generation,889,0.3357
ML-KEM-768,Key Generation,890,0.3295
ML-KEM-768,Key Generation,891,0.332
ML-KEM-768,Key Generation,892,0.3521
ML-KEM-768,Key Generation,893,0.3285
ML-KEM-768,Key Generation,894,0.3293
ML-KEM-768,Key Generation,895,0.3289
ML-KEM-768,Key Generation,896,0.3315
ML-KEM-768,Key Generation,897,0.3377
ML-KEM-768,Key Generation,898,0.3349
ML-KEM-768,Key Generation,899,0.3259
ML-KEM-768,Key Generation,900,0.3246
ML-KEM-768,Key Generation,901,0.3243
ML-KEM-768,Key Generation,902,0.3278
ML-KEM-768,Key Generation,903,0.3314
ML-KEM-768,Key Generation,904,0.3445
ML-KEM-768,Key Generation,905,0.3698
ML-KEM-768,Key Generation,906,0.3262
ML-KEM-768,Key Generation,907,0.3237
ML-KEM-768,Key Generation,908,0.3412
ML-KEM-768,Key Generation,909,0.3327
ML-KEM-768,Key Generation,910,0.4454
ML-KEM-768,Key Generation,911,0.3331
ML-KEM-768,Key Generation,912,0.3264
ML-KEM-768,Key Generation,913,0.3287
ML-KEM-768,Key Generation,914,0.3243
ML-KEM-768,Key Generation,915,0.33
ML-KEM-768,Key Generation,916,0.3466
ML-KEM-768,Key Generation,917,0.3237
ML-KEM-768,Key Generation,918,0.3268
ML-KEM-768,Key Generation,919,0.3328
ML-KEM-768,Key Generation,920,0.3287
ML-KEM-768,Key Generation,921,0.3288
ML-KEM-768,Key Generation,922,0.3393
ML-KEM-768,Key Generation,923,0.3284
ML-KEM-768,Key Generation,924,0.3224
ML-KEM-768,Key Generation,925,0.334
ML-KEM-768,Key Generation,926,0.3304
ML-KEM-768,Key Generation,927,0.3224
ML-KEM-768,Key Generation,928,0.3426
ML-KEM-768,Key Generation,929,0.3252
ML-KEM-768,Key Generation,930,0.3324
ML-KEM-768,Key Generation,931,0.3328
ML-KEM-768,Key Generation,932,0.3245
ML-KEM-768,Key Generation,933,0.3327
ML-KEM-768,Key Generation,934,0.3437
ML-KEM-768,Key Generation,935,0.3277
ML-KEM-768,Key Generation,936,0.324
ML-KEM-768,Key Generation,937,0.3355
ML-KEM-768,Key Generation,938,0.3315
ML-KEM-768,Key Generation,939,0.33
ML-KEM-768,Key Generation,940,0.3418
ML-KEM-768,Key Generation,941,0.324
ML-KEM-768,Key Generation,942,0.3326
ML-KEM-768,Key Generation,943,0.3325
ML-KEM-768,Key Generation,944,0.323
ML-KEM-768,Key Generation,945,0.3417
ML-KEM-768,Key Generation,946,0.3246
ML-KEM-768,Key Generation,947,0.3213
ML-KEM-768,Key Generation,948,0.3143
ML-KEM-768,Key Generation,949,0.3254
ML-KEM-768,Key Generation,950,0.3224
ML-KEM-768,Key Generation,951,0.3134
ML-KEM-768,Key Generation,952,0.3274
ML-KEM-768,Key Generation,953,0.3216
ML-KEM-768,Key Generation,954,0.3132
ML-KEM-768,Key Generation,955,0.3207
ML-KEM-768,Key Generation,956,0.3111
ML-KEM-768,Key Generation,957,0.3118
ML-KEM-768,Key Generation,958,0.4171
ML-KEM-768,Key Generation,959,0.3624
ML-KEM-768,Key Generation,960,0.3887
ML-KEM-768,Key Generation,961,0.3717
ML-KEM-768,Key Generation,962,0.3929
ML-KEM-768,Key Generation,963,0.3838
ML-KEM-768,Key Generation,964,0.3754
ML-KEM-768,Key Generation,965,0.3663
ML-KEM-768,Key Generation,966,0.391
ML-KEM-768,Key Generation,967,0.3628
ML-KEM-768,Key Generation,968,0.3956
ML-KEM-768,Key Generation,969,0.3851
ML-KEM-768,Key Generation,970,0.391
ML-KEM-768,Key Generation,971,0.3644
ML-KEM-768,Key Generation,972,0.3881
ML-KEM-768,Key Generation,973,0.3903
ML-KEM-768,Key Generation,974,0.3492
ML-KEM-768,Key Generation,975,0.3766
ML-KEM-768,Key Generation,976,0.3878
ML-KEM-768,Key Generation,977,0.3684
ML-KEM-768,Key Generation,978,0.3756
ML-KEM-768,Key Generation,979,0.4095
ML-KEM-768,Key Generation,980,0.3959
ML-KEM-768,Key Generation,981,0.3598
ML-KEM-768,Key Generation,982,0.3644
ML-KEM-768,Key Generation,983,0.3656
ML-KEM-768,Key Generation,984,0.4071
ML-KEM-768,Key Generation,985,0.3849
ML-KEM-768,Key Generation,986,0.3868
ML-KEM-768,Key Generation,987,0.3702
ML-KEM-768,Key Generation,988,0.3627
ML-KEM-768,Key Generation,989,0.377
ML-KEM-768,Key Generation,990,0.4717
ML-KEM-768,Key Generation,991,0.3919
ML-KEM-768,Key Generation,992,0.3672
ML-KEM-768,Key Generation,993,0.3664
ML-KEM-768,Key Generation,994,0.3573
ML-KEM-768,Key Generation,995,0.3393
ML-KEM-768,Key Generation,996,0.3462
ML-KEM-768,Key Generation,997,0.334
ML-KEM-768,Key Generation,998,0.3323
ML-KEM-768,Key Generation,999,0.4261
ML-KEM-768,Key Generation,1000,0.7107
ML-KEM-768,Encapsulation,1,0.3931
ML-KEM-768,Encapsulation,2,0.3764
ML-KEM-768,Encapsulation,3,0.7611
ML-KEM-768,Encapsulation,4,0.3948
ML-KEM-768,Encapsulation,5,1.4802
ML-KEM-768,Encapsulation,6,6.1772
ML-KEM-768,Encapsulation,7,0.5211
ML-KEM-768,Encapsulation,8,0.3691
ML-KEM-768,Encapsulation,9,0.3629
ML-KEM-768,Encapsulation,10,0.373
ML-KEM-768,Encapsulation,11,0.3632
ML-KEM-768,Encapsulation,12,0.3616
ML-KEM-768,Encapsulation,13,0.3611
ML-KEM-768,Encapsulation,14,0.39
ML-KEM-768,Encapsulation,15,0.3545
ML-KEM-768,Encapsulation,16,0.371
ML-KEM-768,Encapsulation,17,0.3586
ML-KEM-768,Encapsulation,18,0.3509
ML-KEM-768,Encapsulation,19,0.3621
ML-KEM-768,Encapsulation,20,0.3579
ML-KEM-768,Encapsulation,21,0.3689
ML-KEM-768,Encapsulation,22,0.3589
ML-KEM-768,Encapsulation,23,0.3522
ML-KEM-768,Encapsulation,24,0.3578
ML-KEM-768,Encapsulation,25,0.3595
ML-KEM-768,Encapsulation,26,0.3549
ML-KEM-768,Encapsulation,27,0.3659
ML-KEM-768,Encapsulation,28,0.3512
ML-KEM-768,Encapsulation,29,0.3479
ML-KEM-768,Encapsulation,30,0.3522
ML-KEM-768,Encapsulation,31,0.3489
ML-KEM-768,Encapsulation,32,0.3534
ML-KEM-768,Encapsulation,33,0.3672
ML-KEM-768,Encapsulation,34,0.3499
ML-KEM-768,Encapsulation,35,0.3592
ML-KEM-768,Encapsulation,36,0.3525
ML-KEM-768,Encapsulation,37,1.754
ML-KEM-768,Encapsulation,38,0.4076
ML-KEM-768,Encapsulation,39,0.3671
ML-KEM-768,Encapsulation,40,0.3834
ML-KEM-768,Encapsulation,41,0.3642
ML-KEM-768,Encapsulation,42,0.3673
ML-KEM-768,Encapsulation,43,0.3547
ML-KEM-768,Encapsulation,44,0.3597
ML-KEM-768,Encapsulation,45,0.4127
ML-KEM-768,Encapsulation,46,0.3682
ML-KEM-768,Encapsulation,47,0.3578
ML-KEM-768,Encapsulation,48,0.359
ML-KEM-768,Encapsulation,49,0.358
ML-KEM-768,Encapsulation,50,0.358
ML-KEM-768,Encapsulation,51,0.3563
ML-KEM-768,Encapsulation,52,0.3616
ML-KEM-768,Encapsulation,53,0.3651
ML-KEM-768,Encapsulation,54,0.3577
ML-KEM-768,Encapsulation,55,0.3579
ML-KEM-768,Encapsulation,56,0.3709
ML-KEM-768,Encapsulation,57,0.3613
ML-KEM-768,Encapsulation,58,0.359
ML-KEM-768,Encapsulation,59,0.3533
ML-KEM-768,Encapsulation,60,0.3542
ML-KEM-768,Encapsulation,61,0.3567
ML-KEM-768,Encapsulation,62,0.3782
ML-KEM-768,Encapsulation,63,0.3504
ML-KEM-768,Encapsulation,64,0.3539
ML-KEM-768,Encapsulation,65,0.3516
ML-KEM-768,Encapsulation,66,0.3633
ML-KEM-768,Encapsulation,67,0.3733
ML-KEM-768,Encapsulation,68,0.3608
ML-KEM-768,Encapsulation,69,0.3554
ML-KEM-768,Encapsulation,70,0.3531
ML-KEM-768,Encapsulation,71,0.3526
ML-KEM-768,Encapsulation,72,0.3531
ML-KEM-768,Encapsulation,73,0.3719
ML-KEM-768,Encapsulation,74,0.3549
ML-KEM-768,Encapsulation,75,0.3542
ML-KEM-768,Encapsulation,76,0.465
ML-KEM-768,Encapsulation,77,0.3656
ML-KEM-768,Encapsulation,78,1.0401
ML-KEM-768,Encapsulation,79,0.3808
ML-KEM-768,Encapsulation,80,0.352
ML-KEM-768,Encapsulation,81,0.3586
ML-KEM-768,Encapsulation,82,0.3743
ML-KEM-768,Encapsulation,83,0.3602
ML-KEM-768,Encapsulation,84,0.354
ML-KEM-768,Encapsulation,85,0.3664
ML-KEM-768,Encapsulation,86,0.3611
ML-KEM-768,Encapsulation,87,0.3777
ML-KEM-768,Encapsulation,88,0.3536
ML-KEM-768,Encapsulation,89,0.3581
ML-KEM-768,Encapsulation,90,0.3541
ML-KEM-768,Encapsulation,91,0.3629
ML-KEM-768,Encapsulation,92,0.3718
ML-KEM-768,Encapsulation,93,0.3705
ML-KEM-768,Encapsulation,94,0.358
ML-KEM-768,Encapsulation,95,0.3521
ML-KEM-768,Encapsulation,96,0.3623
ML-KEM-768,Encapsulation,97,0.352
ML-KEM-768,Encapsulation,98,0.4636
ML-KEM-768,Encapsulation,99,0.39
ML-KEM-768,Encapsulation,100,0.3492
ML-KEM-768,Encapsulation,101,0.3497
ML-KEM-768,Encapsulation,102,0.3565
ML-KEM-768,Encapsulation,103,0.3637
ML-KEM-768,Encapsulation,104,0.3514
ML-KEM-768,Encapsulation,105,0.3448
ML-KEM-768,Encapsulation,106,0.3555
ML-KEM-768,Encapsulation,107,0.3567
ML-KEM-768,Encapsulation,108,0.3474
ML-KEM-768,Encapsulation,109,0.3645
ML-KEM-768,Encapsulation,110,0.3455
ML-KEM-768,Encapsulation,111,0.3487
ML-KEM-768,Encapsulation,112,0.3509
ML-KEM-768,Encapsulation,113,0.3506
ML-KEM-768,Encapsulation,114,0.3509
ML-KEM-768,Encapsulation,115,0.3579
ML-KEM-768,Encapsulation,116,0.5237
ML-KEM-768,Encapsulation,117,0.4878
ML-KEM-768,Encapsulation,118,1.086
ML-KEM-768,Encapsulation,119,0.4181
ML-KEM-768,Encapsulation,120,0.3598
ML-KEM-768,Encapsulation,121,0.3531
ML-KEM-768,Encapsulation,122,0.3629
ML-KEM-768,Encapsulation,123,0.3661
ML-KEM-768,Encapsulation,124,0.3604
ML-KEM-768,Encapsulation,125,0.353
ML-KEM-768,Encapsulation,126,0.3506
ML-KEM-768,Encapsulation,127,0.3492
ML-KEM-768,Encapsulation,128,0.3494
ML-KEM-768,Encapsulation,129,0.3585
ML-KEM-768,Encapsulation,130,0.3507
ML-KEM-768,Encapsulation,131,0.3447
ML-KEM-768,Encapsulation,132,0.3471
ML-KEM-768,Encapsulation,133,0.3497
ML-KEM-768,Encapsulation,134,0.3689
ML-KEM-768,Encapsulation,135,0.3469
ML-KEM-768,Encapsulation,136,0.3474
ML-KEM-768,Encapsulation,137,0.3441
ML-KEM-768,Encapsulation,138,0.3421
ML-KEM-768,Encapsulation,139,0.3528
ML-KEM-768,Encapsulation,140,0.3601
ML-KEM-768,Encapsulation,141,0.3462
ML-KEM-768,Encapsulation,142,0.3509
ML-KEM-768,Encapsulation,143,0.3528
ML-KEM-768,Encapsulation,144,0.3424
ML-KEM-768,Encapsulation,145,0.3486
ML-KEM-768,Encapsulation,146,0.3626
ML-KEM-768,Encapsulation,147,0.3531
ML-KEM-768,Encapsulation,148,0.3443
ML-KEM-768,Encapsulation,149,0.3542
ML-KEM-768,Encapsulation,150,0.3433
ML-KEM-768,Encapsulation,151,0.3604
ML-KEM-768,Encapsulation,152,0.3476
ML-KEM-768,Encapsulation,153,0.3537
ML-KEM-768,Encapsulation,154,0.3513
ML-KEM-768,Encapsulation,155,0.3438
ML-KEM-768,Encapsulation,156,0.3433
ML-KEM-768,Encapsulation,157,0.3614
ML-KEM-768,Encapsulation,158,0.3467
ML-KEM-768,Encapsulation,159,0.3423
ML-KEM-768,Encapsulation,160,0.3429
ML-KEM-768,Encapsulation,161,0.3453
ML-KEM-768,Encapsulation,162,0.3423
ML-KEM-768,Encapsulation,163,0.3584
ML-KEM-768,Encapsulation,164,0.3451
ML-KEM-768,Encapsulation,165,0.3425
ML-KEM-768,Encapsulation,166,0.4725
ML-KEM-768,Encapsulation,167,0.3651
ML-KEM-768,Encapsulation,168,0.5374
ML-KEM-768,Encapsulation,169,0.377
ML-KEM-768,Encapsulation,170,0.3677
ML-KEM-768,Encapsulation,171,0.3593
ML-KEM-768,Encapsulation,172,0.3708
ML-KEM-768,Encapsulation,173,0.366
ML-KEM-768,Encapsulation,174,0.3564
ML-KEM-768,Encapsulation,175,0.3512
ML-KEM-768,Encapsulation,176,0.3596
ML-KEM-768,Encapsulation,177,0.3555
ML-KEM-768,Encapsulation,178,0.3706
ML-KEM-768,Encapsulation,179,0.3543
ML-KEM-768,Encapsulation,180,0.3526
ML-KEM-768,Encapsulation,181,0.3494
ML-KEM-768,Encapsulation,182,0.3534
ML-KEM-768,Encapsulation,183,0.3706
ML-KEM-768,Encapsulation,184,0.3562
ML-KEM-768,Encapsulation,185,0.3493
ML-KEM-768,Encapsulation,186,0.3508
ML-KEM-768,Encapsulation,187,0.3548
ML-KEM-768,Encapsulation,188,0.3441
ML-KEM-768,Encapsulation,189,0.3676
ML-KEM-768,Encapsulation,190,0.3576
ML-KEM-768,Encapsulation,191,0.3482
ML-KEM-768,Encapsulation,192,0.3508
ML-KEM-768,Encapsulation,193,0.3538
ML-KEM-768,Encapsulation,194,0.366
ML-KEM-768,Encapsulation,195,0.3509
ML-KEM-768,Encapsulation,196,0.3462
ML-KEM-768,Encapsulation,197,0.3561
ML-KEM-768,Encapsulation,198,0.3508
ML-KEM-768,Encapsulation,199,0.3468
ML-KEM-768,Encapsulation,200,0.3571
ML-KEM-768,Encapsulation,201,0.3507
ML-KEM-768,Encapsulation,202,0.3431
ML-KEM-768,Encapsulation,203,0.344
ML-KEM-768,Encapsulation,204,0.3507
ML-KEM-768,Encapsulation,205,0.3572
ML-KEM-768,Encapsulation,206,0.3614
ML-KEM-768,Encapsulation,207,0.3549
ML-KEM-768,Encapsulation,208,0.3478
ML-KEM-768,Encapsulation,209,0.35
ML-KEM-768,Encapsulation,210,0.5118
ML-KEM-768,Encapsulation,211,0.3728
ML-KEM-768,Encapsulation,212,0.3544
ML-KEM-768,Encapsulation,213,0.3505
ML-KEM-768,Encapsulation,214,0.3472
ML-KEM-768,Encapsulation,215,0.3703
ML-KEM-768,Encapsulation,216,0.3479
ML-KEM-768,Encapsulation,217,0.3521
ML-KEM-768,Encapsulation,218,0.3437
ML-KEM-768,Encapsulation,219,0.3505
ML-KEM-768,Encapsulation,220,0.362
ML-KEM-768,Encapsulation,221,0.3463
ML-KEM-768,Encapsulation,222,0.3506
ML-KEM-768,Encapsulation,223,0.3495
ML-KEM-768,Encapsulation,224,0.3444
ML-KEM-768,Encapsulation,225,0.3502
ML-KEM-768,Encapsulation,226,0.3591
ML-KEM-768,Encapsulation,227,0.3483
ML-KEM-768,Encapsulation,228,0.3519
ML-KEM-768,Encapsulation,229,0.3478
ML-KEM-768,Encapsulation,230,0.3416
ML-KEM-768,Encapsulation,231,0.3818
ML-KEM-768,Encapsulation,232,0.3673
ML-KEM-768,Encapsulation,233,0.3536
ML-KEM-768,Encapsulation,234,0.3559
ML-KEM-768,Encapsulation,235,0.3493
ML-KEM-768,Encapsulation,236,0.349
ML-KEM-768,Encapsulation,237,0.3575
ML-KEM-768,Encapsulation,238,0.3506
ML-KEM-768,Encapsulation,239,0.3449
ML-KEM-768,Encapsulation,240,0.3482
ML-KEM-768,Encapsulation,241,0.3518
ML-KEM-768,Encapsulation,242,0.3535
ML-KEM-768,Encapsulation,243,0.3575
ML-KEM-768,Encapsulation,244,0.3477
ML-KEM-768,Encapsulation,245,0.3459
ML-KEM-768,Encapsulation,246,0.3507
ML-KEM-768,Encapsulation,247,0.3453
ML-KEM-768,Encapsulation,248,0.3483
ML-KEM-768,Encapsulation,249,0.3612
ML-KEM-768,Encapsulation,250,0.342
ML-KEM-768,Encapsulation,251,0.358
ML-KEM-768,Encapsulation,252,0.3451
ML-KEM-768,Encapsulation,253,0.3487
ML-KEM-768,Encapsulation,254,0.3795
ML-KEM-768,Encapsulation,255,0.369
ML-KEM-768,Encapsulation,256,0.3553
ML-KEM-768,Encapsulation,257,0.3446
ML-KEM-768,Encapsulation,258,0.4007
ML-KEM-768,Encapsulation,259,0.3667
ML-KEM-768,Encapsulation,260,0.3515
ML-KEM-768,Encapsulation,261,0.3501
ML-KEM-768,Encapsulation,262,0.3496
ML-KEM-768,Encapsulation,263,0.3478
ML-KEM-768,Encapsulation,264,0.6692
ML-KEM-768,Encapsulation,265,0.3526
ML-KEM-768,Encapsulation,266,0.3483
ML-KEM-768,Encapsulation,267,0.3499
ML-KEM-768,Encapsulation,268,0.3454
ML-KEM-768,Encapsulation,269,0.3463
ML-KEM-768,Encapsulation,270,0.3566
ML-KEM-768,Encapsulation,271,0.3555
ML-KEM-768,Encapsulation,272,0.3451
ML-KEM-768,Encapsulation,273,0.3489
ML-KEM-768,Encapsulation,274,0.341
ML-KEM-768,Encapsulation,275,0.3475
ML-KEM-768,Encapsulation,276,0.3572
ML-KEM-768,Encapsulation,277,0.349
ML-KEM-768,Encapsulation,278,0.3528
ML-KEM-768,Encapsulation,279,0.3422
ML-KEM-768,Encapsulation,280,0.3481
ML-KEM-768,Encapsulation,281,0.3656
ML-KEM-768,Encapsulation,282,0.3481
ML-KEM-768,Encapsulation,283,0.3455
ML-KEM-768,Encapsulation,284,0.3411
ML-KEM-768,Encapsulation,285,0.3476
ML-KEM-768,Encapsulation,286,0.3491
ML-KEM-768,Encapsulation,287,0.3563
ML-KEM-768,Encapsulation,288,0.3478
ML-KEM-768,Encapsulation,289,0.3558
ML-KEM-768,Encapsulation,290,0.3502
ML-KEM-768,Encapsulation,291,0.349
ML-KEM-768,Encapsulation,292,0.3448
ML-KEM-768,Encapsulation,293,0.4101
ML-KEM-768,Encapsulation,294,0.3505
ML-KEM-768,Encapsulation,295,0.3502
ML-KEM-768,Encapsulation,296,0.3567
ML-KEM-768,Encapsulation,297,0.3425
ML-KEM-768,Encapsulation,298,0.4143
ML-KEM-768,Encapsulation,299,0.351
ML-KEM-768,Encapsulation,300,0.3485
ML-KEM-768,Encapsulation,301,0.3513
ML-KEM-768,Encapsulation,302,0.3628
ML-KEM-768,Encapsulation,303,0.3497
ML-KEM-768,Encapsulation,304,0.3483
ML-KEM-768,Encapsulation,305,0.3523
ML-KEM-768,Encapsulation,306,0.3516
ML-KEM-768,Encapsulation,307,0.3453
ML-KEM-768,Encapsulation,308,0.36
ML-KEM-768,Encapsulation,309,0.3454
ML-KEM-768,Encapsulation,310,0.3443
ML-KEM-768,Encapsulation,311,0.343
ML-KEM-768,Encapsulation,312,0.3565
ML-KEM-768,Encapsulation,313,0.3466
ML-KEM-768,Encapsulation,314,0.3597
ML-KEM-768,Encapsulation,315,0.3458
ML-KEM-768,Encapsulation,316,0.3465
ML-KEM-768,Encapsulation,317,0.345
ML-KEM-768,Encapsulation,318,0.3509
ML-KEM-768,Encapsulation,319,0.3457
ML-KEM-768,Encapsulation,320,0.3586
ML-KEM-768,Encapsulation,321,0.3453
ML-KEM-768,Encapsulation,322,0.3466
ML-KEM-768,Encapsulation,323,0.3434
ML-KEM-768,Encapsulation,324,0.3429
ML-KEM-768,Encapsulation,325,0.3587
ML-KEM-768,Encapsulation,326,0.344
ML-KEM-768,Encapsulation,327,0.3424
ML-KEM-768,Encapsulation,328,0.3443
ML-KEM-768,Encapsulation,329,0.3418
ML-KEM-768,Encapsulation,330,0.3454
ML-KEM-768,Encapsulation,331,0.3586
ML-KEM-768,Encapsulation,332,0.368
ML-KEM-768,Encapsulation,333,0.3468
ML-KEM-768,Encapsulation,334,0.3538
ML-KEM-768,Encapsulation,335,0.3423
ML-KEM-768,Encapsulation,336,0.3413
ML-KEM-768,Encapsulation,337,0.3571
ML-KEM-768,Encapsulation,338,0.3471
ML-KEM-768,Encapsulation,339,0.3485
ML-KEM-768,Encapsulation,340,0.3458
ML-KEM-768,Encapsulation,341,0.3435
ML-KEM-768,Encapsulation,342,0.3555
ML-KEM-768,Encapsulation,343,0.3732
ML-KEM-768,Encapsulation,344,0.352
ML-KEM-768,Encapsulation,345,0.3515
ML-KEM-768,Encapsulation,346,0.3508
ML-KEM-768,Encapsulation,347,0.3458
ML-KEM-768,Encapsulation,348,0.3635
ML-KEM-768,Encapsulation,349,0.3468
ML-KEM-768,Encapsulation,350,0.342
ML-KEM-768,Encapsulation,351,0.3436
ML-KEM-768,Encapsulation,352,0.3429
ML-KEM-768,Encapsulation,353,0.3467
ML-KEM-768,Encapsulation,354,0.3603
ML-KEM-768,Encapsulation,355,0.3514
ML-KEM-768,Encapsulation,356,0.3463
ML-KEM-768,Encapsulation,357,0.3516
ML-KEM-768,Encapsulation,358,0.3495
ML-KEM-768,Encapsulation,359,0.3623
ML-KEM-768,Encapsulation,360,0.3459
ML-KEM-768,Encapsulation,361,0.3521
ML-KEM-768,Encapsulation,362,0.3634
ML-KEM-768,Encapsulation,363,0.3438
ML-KEM-768,Encapsulation,364,0.3419
ML-KEM-768,Encapsulation,365,0.3573
ML-KEM-768,Encapsulation,366,0.3435
ML-KEM-768,Encapsulation,367,0.3518
ML-KEM-768,Encapsulation,368,0.3462
ML-KEM-768,Encapsulation,369,0.342
ML-KEM-768,Encapsulation,370,0.3469
ML-KEM-768,Encapsulation,371,0.3608
ML-KEM-768,Encapsulation,372,0.3436
ML-KEM-768,Encapsulation,373,0.3508
ML-KEM-768,Encapsulation,374,0.3431
ML-KEM-768,Encapsulation,375,0.3474
ML-KEM-768,Encapsulation,376,0.3455
ML-KEM-768,Encapsulation,377,0.3605
ML-KEM-768,Encapsulation,378,0.3551
ML-KEM-768,Encapsulation,379,0.3484
ML-KEM-768,Encapsulation,380,0.3524
ML-KEM-768,Encapsulation,381,0.3478
ML-KEM-768,Encapsulation,382,0.3576
ML-KEM-768,Encapsulation,383,0.347
ML-KEM-768,Encapsulation,384,0.3551
ML-KEM-768,Encapsulation,385,0.3454
ML-KEM-768,Encapsulation,386,0.3473
ML-KEM-768,Encapsulation,387,0.3433
ML-KEM-768,Encapsulation,388,0.4411
ML-KEM-768,Encapsulation,389,0.3473
ML-KEM-768,Encapsulation,390,0.3457
ML-KEM-768,Encapsulation,391,0.3515
ML-KEM-768,Encapsulation,392,0.354
ML-KEM-768,Encapsulation,393,0.357
ML-KEM-768,Encapsulation,394,0.3497
ML-KEM-768,Encapsulation,395,0.3492
ML-KEM-768,Encapsulation,396,0.347
ML-KEM-768,Encapsulation,397,0.3451
ML-KEM-768,Encapsulation,398,0.3429
ML-KEM-768,Encapsulation,399,0.3582
ML-KEM-768,Encapsulation,400,0.3427
ML-KEM-768,Encapsulation,401,0.3413
ML-KEM-768,Encapsulation,402,0.3459
ML-KEM-768,Encapsulation,403,0.3458
ML-KEM-768,Encapsulation,404,0.3522
ML-KEM-768,Encapsulation,405,0.3628
ML-KEM-768,Encapsulation,406,0.3552
ML-KEM-768,Encapsulation,407,0.3474
ML-KEM-768,Encapsulation,408,0.3458
ML-KEM-768,Encapsulation,409,0.3475
ML-KEM-768,Encapsulation,410,0.3457
ML-KEM-768,Encapsulation,411,0.3597
ML-KEM-768,Encapsulation,412,0.3488
ML-KEM-768,Encapsulation,413,0.3417
ML-KEM-768,Encapsulation,414,0.3516
ML-KEM-768,Encapsulation,415,0.3472
ML-KEM-768,Encapsulation,416,0.3584
ML-KEM-768,Encapsulation,417,0.3561
ML-KEM-768,Encapsulation,418,0.3463
ML-KEM-768,Encapsulation,419,0.3526
ML-KEM-768,Encapsulation,420,0.35
ML-KEM-768,Encapsulation,421,0.3449
ML-KEM-768,Encapsulation,422,0.3575
ML-KEM-768,Encapsulation,423,0.3489
ML-KEM-768,Encapsulation,424,0.3452
ML-KEM-768,Encapsulation,425,0.3405
ML-KEM-768,Encapsulation,426,0.3523
ML-KEM-768,Encapsulation,427,0.3475
ML-KEM-768,Encapsulation,428,0.3564
ML-KEM-768,Encapsulation,429,0.3446
ML-KEM-768,Encapsulation,430,0.3472
ML-KEM-768,Encapsulation,431,0.3468
ML-KEM-768,Encapsulation,432,0.452
ML-KEM-768,Encapsulation,433,0.4407
ML-KEM-768,Encapsulation,434,0.3672
ML-KEM-768,Encapsulation,435,0.3637
ML-KEM-768,Encapsulation,436,0.3488
ML-KEM-768,Encapsulation,437,0.3631
ML-KEM-768,Encapsulation,438,0.3535
ML-KEM-768,Encapsulation,439,0.3522
ML-KEM-768,Encapsulation,440,0.3499
ML-KEM-768,Encapsulation,441,0.3458
ML-KEM-768,Encapsulation,442,0.3834
ML-KEM-768,Encapsulation,443,0.3453
ML-KEM-768,Encapsulation,444,0.3499
ML-KEM-768,Encapsulation,445,0.3542
ML-KEM-768,Encapsulation,446,0.4086
ML-KEM-768,Encapsulation,447,0.3489
ML-KEM-768,Encapsulation,448,0.3601
ML-KEM-768,Encapsulation,449,0.3507
ML-KEM-768,Encapsulation,450,0.3498
ML-KEM-768,Encapsulation,451,0.3546
ML-KEM-768,Encapsulation,452,0.3504
ML-KEM-768,Encapsulation,453,0.352
ML-KEM-768,Encapsulation,454,0.3606
ML-KEM-768,Encapsulation,455,0.3467
ML-KEM-768,Encapsulation,456,0.3453
ML-KEM-768,Encapsulation,457,0.3508
ML-KEM-768,Encapsulation,458,0.3608
ML-KEM-768,Encapsulation,459,0.396
ML-KEM-768,Encapsulation,460,0.3457
ML-KEM-768,Encapsulation,461,0.3466
ML-KEM-768,Encapsulation,462,0.3463
ML-KEM-768,Encapsulation,463,0.348
ML-KEM-768,Encapsulation,464,0.3471
ML-KEM-768,Encapsulation,465,0.3679
ML-KEM-768,Encapsulation,466,0.3453
ML-KEM-768,Encapsulation,467,0.3489
ML-KEM-768,Encapsulation,468,0.3469
ML-KEM-768,Encapsulation,469,0.3469
ML-KEM-768,Encapsulation,470,0.3462
ML-KEM-768,Encapsulation,471,0.3628
ML-KEM-768,Encapsulation,472,0.3446
ML-KEM-768,Encapsulation,473,0.3419
ML-KEM-768,Encapsulation,474,0.3477
ML-KEM-768,Encapsulation,475,0.3518
ML-KEM-768,Encapsulation,476,0.4206
ML-KEM-768,Encapsulation,477,0.3497
ML-KEM-768,Encapsulation,478,0.3457
ML-KEM-768,Encapsulation,479,0.3471
ML-KEM-768,Encapsulation,480,0.3468
ML-KEM-768,Encapsulation,481,0.361
ML-KEM-768,Encapsulation,482,0.3453
ML-KEM-768,Encapsulation,483,0.3461
ML-KEM-768,Encapsulation,484,0.3481
ML-KEM-768,Encapsulation,485,0.3454
ML-KEM-768,Encapsulation,486,0.3489
ML-KEM-768,Encapsulation,487,0.3619
ML-KEM-768,Encapsulation,488,0.3409
ML-KEM-768,Encapsulation,489,0.3475
ML-KEM-768,Encapsulation,490,0.3446
ML-KEM-768,Encapsulation,491,0.346
ML-KEM-768,Encapsulation,492,0.3952
ML-KEM-768,Encapsulation,493,0.3512
ML-KEM-768,Encapsulation,494,0.3484
ML-KEM-768,Encapsulation,495,0.3469
ML-KEM-768,Encapsulation,496,0.3471
ML-KEM-768,Encapsulation,497,0.347
ML-KEM-768,Encapsulation,498,0.371
ML-KEM-768,Encapsulation,499,0.349
ML-KEM-768,Encapsulation,500,0.3428
ML-KEM-768,Encapsulation,501,0.3444
ML-KEM-768,Encapsulation,502,0.3469
ML-KEM-768,Encapsulation,503,0.3603
ML-KEM-768,Encapsulation,504,0.3657
ML-KEM-768,Encapsulation,505,0.3443
ML-KEM-768,Encapsulation,506,0.3461
ML-KEM-768,Encapsulation,507,0.3585
ML-KEM-768,Encapsulation,508,0.3438
ML-KEM-768,Encapsulation,509,0.3496
ML-KEM-768,Encapsulation,510,0.3545
ML-KEM-768,Encapsulation,511,0.3477
ML-KEM-768,Encapsulation,512,0.3458
ML-KEM-768,Encapsulation,513,0.3417
ML-KEM-768,Encapsulation,514,0.3448
ML-KEM-768,Encapsulation,515,0.359
ML-KEM-768,Encapsulation,516,0.35
ML-KEM-768,Encapsulation,517,0.3471
ML-KEM-768,Encapsulation,518,0.3511
ML-KEM-768,Encapsulation,519,0.3517
ML-KEM-768,Encapsulation,520,0.4291
ML-KEM-768,Encapsulation,521,0.3503
ML-KEM-768,Encapsulation,522,0.3434
ML-KEM-768,Encapsulation,523,0.344
ML-KEM-768,Encapsulation,524,0.3503
ML-KEM-768,Encapsulation,525,0.3471
ML-KEM-768,Encapsulation,526,0.3596
ML-KEM-768,Encapsulation,527,0.3411
ML-KEM-768,Encapsulation,528,0.3426
ML-KEM-768,Encapsulation,529,0.3468
ML-KEM-768,Encapsulation,530,0.3434
ML-KEM-768,Encapsulation,531,0.3412
ML-KEM-768,Encapsulation,532,0.3684
ML-KEM-768,Encapsulation,533,0.3485
ML-KEM-768,Encapsulation,534,0.344
ML-KEM-768,Encapsulation,535,0.3449
ML-KEM-768,Encapsulation,536,0.3496
ML-KEM-768,Encapsulation,537,0.3542
ML-KEM-768,Encapsulation,538,0.3518
ML-KEM-768,Encapsulation,539,0.3445
ML-KEM-768,Encapsulation,540,0.3935
ML-KEM-768,Encapsulation,541,0.3501
ML-KEM-768,Encapsulation,542,0.3479
ML-KEM-768,Encapsulation,543,0.4004
ML-KEM-768,Encapsulation,544,0.3465
ML-KEM-768,Encapsulation,545,0.3456
ML-KEM-768,Encapsulation,546,0.3474
ML-KEM-768,Encapsulation,547,0.3495
ML-KEM-768,Encapsulation,548,0.5188
ML-KEM-768,Encapsulation,549,0.4136
ML-KEM-768,Encapsulation,550,0.3516
ML-KEM-768,Encapsulation,551,0.6
ML-KEM-768,Encapsulation,552,0.3643
ML-KEM-768,Encapsulation,553,0.3667
ML-KEM-768,Encapsulation,554,0.3545
ML-KEM-768,Encapsulation,555,0.3483
ML-KEM-768,Encapsulation,556,0.3487
ML-KEM-768,Encapsulation,557,0.3427
ML-KEM-768,Encapsulation,558,0.3626
ML-KEM-768,Encapsulation,559,0.3448
ML-KEM-768,Encapsulation,560,0.3442
ML-KEM-768,Encapsulation,561,0.3422
ML-KEM-768,Encapsulation,562,0.3465
ML-KEM-768,Encapsulation,563,0.6686
ML-KEM-768,Encapsulation,564,0.4065
ML-KEM-768,Encapsulation,565,0.3844
ML-KEM-768,Encapsulation,566,0.3654
ML-KEM-768,Encapsulation,567,0.3703
ML-KEM-768,Encapsulation,568,0.3636
ML-KEM-768,Encapsulation,569,0.3488
ML-KEM-768,Encapsulation,570,0.3494
ML-KEM-768,Encapsulation,571,0.3478
ML-KEM-768,Encapsulation,572,0.3544
ML-KEM-768,Encapsulation,573,0.3564
ML-KEM-768,Encapsulation,574,0.3514
ML-KEM-768,Encapsulation,575,0.3498
ML-KEM-768,Encapsulation,576,0.3452
ML-KEM-768,Encapsulation,577,0.3444
ML-KEM-768,Encapsulation,578,0.3476
ML-KEM-768,Encapsulation,579,0.3654
ML-KEM-768,Encapsulation,580,0.3483
ML-KEM-768,Encapsulation,581,0.3493
ML-KEM-768,Encapsulation,582,0.3923
ML-KEM-768,Encapsulation,583,0.3544
ML-KEM-768,Encapsulation,584,0.3649
ML-KEM-768,Encapsulation,585,0.3477
ML-KEM-768,Encapsulation,586,0.3628
ML-KEM-768,Encapsulation,587,0.3479
ML-KEM-768,Encapsulation,588,0.3499
ML-KEM-768,Encapsulation,589,0.3507
ML-KEM-768,Encapsulation,590,0.3669
ML-KEM-768,Encapsulation,591,0.3473
ML-KEM-768,Encapsulation,592,0.3475
ML-KEM-768,Encapsulation,593,0.3438
ML-KEM-768,Encapsulation,594,0.3414
ML-KEM-768,Encapsulation,595,0.3566
ML-KEM-768,Encapsulation,596,0.3442
ML-KEM-768,Encapsulation,597,0.3475
ML-KEM-768,Encapsulation,598,0.3487
ML-KEM-768,Encapsulation,599,0.355
ML-KEM-768,Encapsulation,600,0.3519
ML-KEM-768,Encapsulation,601,0.3587
ML-KEM-768,Encapsulation,602,0.3469
ML-KEM-768,Encapsulation,603,0.3517
ML-KEM-768,Encapsulation,604,0.3454
ML-KEM-768,Encapsulation,605,0.3498
ML-KEM-768,Encapsulation,606,0.3455
ML-KEM-768,Encapsulation,607,0.3997
ML-KEM-768,Encapsulation,608,0.3435
ML-KEM-768,Encapsulation,609,0.3388
ML-KEM-768,Encapsulation,610,0.3383
ML-KEM-768,Encapsulation,611,0.3349
ML-KEM-768,Encapsulation,612,0.3383
ML-KEM-768,Encapsulation,613,0.3531
ML-KEM-768,Encapsulation,614,0.3335
ML-KEM-768,Encapsulation,615,0.3341
ML-KEM-768,Encapsulation,616,0.3356
ML-KEM-768,Encapsulation,617,0.3298
ML-KEM-768,Encapsulation,618,0.3325
ML-KEM-768,Encapsulation,619,0.3333
ML-KEM-768,Encapsulation,620,0.336
ML-KEM-768,Encapsulation,621,0.3329
ML-KEM-768,Encapsulation,622,0.339
ML-KEM-768,Encapsulation,623,0.3315
ML-KEM-768,Encapsulation,624,0.3511
ML-KEM-768,Encapsulation,625,0.34
ML-KEM-768,Encapsulation,626,0.3368
ML-KEM-768,Encapsulation,627,0.3339
ML-KEM-768,Encapsulation,628,0.3309
ML-KEM-768,Encapsulation,629,0.3368
ML-KEM-768,Encapsulation,630,0.4074
ML-KEM-768,Encapsulation,631,0.3369
ML-KEM-768,Encapsulation,632,0.3763
ML-KEM-768,Encapsulation,633,0.3438
ML-KEM-768,Encapsulation,634,0.3342
ML-KEM-768,Encapsulation,635,0.3377
ML-KEM-768,Encapsulation,636,0.3428
ML-KEM-768,Encapsulation,637,0.342
ML-KEM-768,Encapsulation,638,0.3361
ML-KEM-768,Encapsulation,639,0.3324
ML-KEM-768,Encapsulation,640,0.3332
ML-KEM-768,Encapsulation,641,0.3444
ML-KEM-768,Encapsulation,642,0.3455
ML-KEM-768,Encapsulation,643,0.3384
ML-KEM-768,Encapsulation,644,0.3317
ML-KEM-768,Encapsulation,645,0.3298
ML-KEM-768,Encapsulation,646,0.3325
ML-KEM-768,Encapsulation,647,0.3403
ML-KEM-768,Encapsulation,648,0.3491
ML-KEM-768,Encapsulation,649,0.3351
ML-KEM-768,Encapsulation,650,0.3441
ML-KEM-768,Encapsulation,651,0.3464
ML-KEM-768,Encapsulation,652,0.3412
ML-KEM-768,Encapsulation,653,0.6101
ML-KEM-768,Encapsulation,654,0.3732
ML-KEM-768,Encapsulation,655,0.3638
ML-KEM-768,Encapsulation,656,0.3629
ML-KEM-768,Encapsulation,657,0.3744
ML-KEM-768,Encapsulation,658,0.3484
ML-KEM-768,Encapsulation,659,0.3502
ML-KEM-768,Encapsulation,660,0.3449
ML-KEM-768,Encapsulation,661,0.3492
ML-KEM-768,Encapsulation,662,0.3657
ML-KEM-768,Encapsulation,663,0.3594
ML-KEM-768,Encapsulation,664,0.3447
ML-KEM-768,Encapsulation,665,0.3441
ML-KEM-768,Encapsulation,666,0.3575
ML-KEM-768,Encapsulation,667,0.3428
ML-KEM-768,Encapsulation,668,0.3677
ML-KEM-768,Encapsulation,669,0.3476
ML-KEM-768,Encapsulation,670,0.3422
ML-KEM-768,Encapsulation,671,0.3472
ML-KEM-768,Encapsulation,672,0.3489
ML-KEM-768,Encapsulation,673,0.3488
ML-KEM-768,Encapsulation,674,0.3626
ML-KEM-768,Encapsulation,675,0.3439
ML-KEM-768,Encapsulation,676,0.3471
ML-KEM-768,Encapsulation,677,0.3395
ML-KEM-768,Encapsulation,678,0.3469
ML-KEM-768,Encapsulation,679,0.3491
ML-KEM-768,Encapsulation,680,0.3599
ML-KEM-768,Encapsulation,681,0.3498
ML-KEM-768,Encapsulation,682,0.3421
ML-KEM-768,Encapsulation,683,0.3362
ML-KEM-768,Encapsulation,684,0.3503
ML-KEM-768,Encapsulation,685,0.3437
ML-KEM-768,Encapsulation,686,0.3562
ML-KEM-768,Encapsulation,687,0.3425
ML-KEM-768,Encapsulation,688,0.3426
ML-KEM-768,Encapsulation,689,0.3423
ML-KEM-768,Encapsulation,690,0.3406
ML-KEM-768,Encapsulation,691,0.3526
ML-KEM-768,Encapsulation,692,0.3471
ML-KEM-768,Encapsulation,693,0.3431
ML-KEM-768,Encapsulation,694,0.3459
ML-KEM-768,Encapsulation,695,0.3478
ML-KEM-768,Encapsulation,696,0.343
ML-KEM-768,Encapsulation,697,0.3581
ML-KEM-768,Encapsulation,698,0.3863
ML-KEM-768,Encapsulation,699,0.392
ML-KEM-768,Encapsulation,700,0.3371
ML-KEM-768,Encapsulation,701,0.3399
ML-KEM-768,Encapsulation,702,0.3405
ML-KEM-768,Encapsulation,703,0.3534
ML-KEM-768,Encapsulation,704,0.3406
ML-KEM-768,Encapsulation,705,0.3386
ML-KEM-768,Encapsulation,706,0.3291
ML-KEM-768,Encapsulation,707,0.3323
ML-KEM-768,Encapsulation,708,0.3355
ML-KEM-768,Encapsulation,709,0.3395
ML-KEM-768,Encapsulation,710,0.3337
ML-KEM-768,Encapsulation,711,0.3341
ML-KEM-768,Encapsulation,712,0.3309
ML-KEM-768,Encapsulation,713,0.3304
ML-KEM-768,Encapsulation,714,0.3478
ML-KEM-768,Encapsulation,715,0.4011
ML-KEM-768,Encapsulation,716,0.3403
ML-KEM-768,Encapsulation,717,0.3335
ML-KEM-768,Encapsulation,718,0.3432
ML-KEM-768,Encapsulation,719,0.3366
ML-KEM-768,Encapsulation,720,0.3333
ML-KEM-768,Encapsulation,721,0.3488
ML-KEM-768,Encapsulation,722,0.3351
ML-KEM-768,Encapsulation,723,0.3337
ML-KEM-768,Encapsulation,724,0.3343
ML-KEM-768,Encapsulation,725,0.3316
ML-KEM-768,Encapsulation,726,0.332
ML-KEM-768,Encapsulation,727,0.3929
ML-KEM-768,Encapsulation,728,0.3405
ML-KEM-768,Encapsulation,729,0.3334
ML-KEM-768,Encapsulation,730,0.3347
ML-KEM-768,Encapsulation,731,0.3296
ML-KEM-768,Encapsulation,732,0.3413
ML-KEM-768,Encapsulation,733,0.3448
ML-KEM-768,Encapsulation,734,0.3328
ML-KEM-768,Encapsulation,735,0.3368
ML-KEM-768,Encapsulation,736,0.345
ML-KEM-768,Encapsulation,737,0.3423
ML-KEM-768,Encapsulation,738,0.355
ML-KEM-768,Encapsulation,739,0.3332
ML-KEM-768,Encapsulation,740,0.34
ML-KEM-768,Encapsulation,741,0.3338
ML-KEM-768,Encapsulation,742,0.337
ML-KEM-768,Encapsulation,743,0.3309
ML-KEM-768,Encapsulation,744,0.8158
ML-KEM-768,Encapsulation,745,0.358
ML-KEM-768,Encapsulation,746,0.3525
ML-KEM-768,Encapsulation,747,0.3695
ML-KEM-768,Encapsulation,748,0.3454
ML-KEM-768,Encapsulation,749,0.3556
ML-KEM-768,Encapsulation,750,0.3478
ML-KEM-768,Encapsulation,751,0.3447
ML-KEM-768,Encapsulation,752,0.3457
ML-KEM-768,Encapsulation,753,0.3522
ML-KEM-768,Encapsulation,754,0.3512
ML-KEM-768,Encapsulation,755,0.3453
ML-KEM-768,Encapsulation,756,0.3419
ML-KEM-768,Encapsulation,757,0.3482
ML-KEM-768,Encapsulation,758,0.3578
ML-KEM-768,Encapsulation,759,0.3611
ML-KEM-768,Encapsulation,760,0.3465
ML-KEM-768,Encapsulation,761,0.3495
ML-KEM-768,Encapsulation,762,0.3691
ML-KEM-768,Encapsulation,763,0.3457
ML-KEM-768,Encapsulation,764,0.3489
ML-KEM-768,Encapsulation,765,0.3478
ML-KEM-768,Encapsulation,766,0.3457
ML-KEM-768,Encapsulation,767,0.3524
ML-KEM-768,Encapsulation,768,0.3463
ML-KEM-768,Encapsulation,769,0.349
ML-KEM-768,Encapsulation,770,0.3555
ML-KEM-768,Encapsulation,771,0.3515
ML-KEM-768,Encapsulation,772,0.3444
ML-KEM-768,Encapsulation,773,0.3461
ML-KEM-768,Encapsulation,774,0.3537
ML-KEM-768,Encapsulation,775,0.345
ML-KEM-768,Encapsulation,776,0.3519
ML-KEM-768,Encapsulation,777,0.3505
ML-KEM-768,Encapsulation,778,0.3441
ML-KEM-768,Encapsulation,779,0.351
ML-KEM-768,Encapsulation,780,0.3508
ML-KEM-768,Encapsulation,781,0.3509
ML-KEM-768,Encapsulation,782,0.3508
ML-KEM-768,Encapsulation,783,0.3541
ML-KEM-768,Encapsulation,784,0.3406
ML-KEM-768,Encapsulation,785,0.3489
ML-KEM-768,Encapsulation,786,0.3369
ML-KEM-768,Encapsulation,787,0.3583
ML-KEM-768,Encapsulation,788,0.407
ML-KEM-768,Encapsulation,789,0.349
ML-KEM-768,Encapsulation,790,0.3391
ML-KEM-768,Encapsulation,791,0.3422
ML-KEM-768,Encapsulation,792,0.3433
ML-KEM-768,Encapsulation,793,0.3506
ML-KEM-768,Encapsulation,794,0.3409
ML-KEM-768,Encapsulation,795,0.3416
ML-KEM-768,Encapsulation,796,0.3405
ML-KEM-768,Encapsulation,797,0.3419
ML-KEM-768,Encapsulation,798,0.3438
ML-KEM-768,Encapsulation,799,0.3566
ML-KEM-768,Encapsulation,800,0.3411
ML-KEM-768,Encapsulation,801,0.3547
ML-KEM-768,Encapsulation,802,0.3442
ML-KEM-768,Encapsulation,803,0.3444
ML-KEM-768,Encapsulation,804,0.364
ML-KEM-768,Encapsulation,805,0.3451
ML-KEM-768,Encapsulation,806,0.3427
ML-KEM-768,Encapsulation,807,0.3415
ML-KEM-768,Encapsulation,808,0.345
ML-KEM-768,Encapsulation,809,0.3441
ML-KEM-768,Encapsulation,810,0.3553
ML-KEM-768,Encapsulation,811,0.3451
ML-KEM-768,Encapsulation,812,0.3431
ML-KEM-768,Encapsulation,813,0.3406
ML-KEM-768,Encapsulation,814,0.3392
ML-KEM-768,Encapsulation,815,0.3498
ML-KEM-768,Encapsulation,816,0.3606
ML-KEM-768,Encapsulation,817,0.3415
ML-KEM-768,Encapsulation,818,0.3454
ML-KEM-768,Encapsulation,819,0.3472
ML-KEM-768,Encapsulation,820,0.3428
ML-KEM-768,Encapsulation,821,0.3581
ML-KEM-768,Encapsulation,822,0.3564
ML-KEM-768,Encapsulation,823,0.3446
ML-KEM-768,Encapsulation,824,0.3549
ML-KEM-768,Encapsulation,825,0.3435
ML-KEM-768,Encapsulation,826,0.3449
ML-KEM-768,Encapsulation,827,0.354
ML-KEM-768,Encapsulation,828,0.3404
ML-KEM-768,Encapsulation,829,0.3451
ML-KEM-768,Encapsulation,830,0.3442
ML-KEM-768,Encapsulation,831,0.3423
ML-KEM-768,Encapsulation,832,0.3479
ML-KEM-768,Encapsulation,833,1.2263
ML-KEM-768,Encapsulation,834,0.363
ML-KEM-768,Encapsulation,835,0.351
ML-KEM-768,Encapsulation,836,0.3658
ML-KEM-768,Encapsulation,837,0.3671
ML-KEM-768,Encapsulation,838,0.5274
ML-KEM-768,Encapsulation,839,0.3658
ML-KEM-768,Encapsulation,840,0.3638
ML-KEM-768,Encapsulation,841,0.5113
ML-KEM-768,Encapsulation,842,0.3845
ML-KEM-768,Encapsulation,843,0.3551
ML-KEM-768,Encapsulation,844,0.35
ML-KEM-768,Encapsulation,845,0.3553
ML-KEM-768,Encapsulation,846,0.3712
ML-KEM-768,Encapsulation,847,0.3485
ML-KEM-768,Encapsulation,848,0.3532
ML-KEM-768,Encapsulation,849,0.3847
ML-KEM-768,Encapsulation,850,0.352
ML-KEM-768,Encapsulation,851,0.3569
ML-KEM-768,Encapsulation,852,0.3463
ML-KEM-768,Encapsulation,853,0.3529
ML-KEM-768,Encapsulation,854,0.3508
ML-KEM-768,Encapsulation,855,0.347
ML-KEM-768,Encapsulation,856,0.3456
ML-KEM-768,Encapsulation,857,0.3682
ML-KEM-768,Encapsulation,858,0.3439
ML-KEM-768,Encapsulation,859,0.3477
ML-KEM-768,Encapsulation,860,0.3493
ML-KEM-768,Encapsulation,861,0.3472
ML-KEM-768,Encapsulation,862,0.3454
ML-KEM-768,Encapsulation,863,0.3584
ML-KEM-768,Encapsulation,864,0.4426
ML-KEM-768,Encapsulation,865,0.3487
ML-KEM-768,Encapsulation,866,0.3508
ML-KEM-768,Encapsulation,867,0.3512
ML-KEM-768,Encapsulation,868,0.3719
ML-KEM-768,Encapsulation,869,0.3528
ML-KEM-768,Encapsulation,870,0.3474
ML-KEM-768,Encapsulation,871,0.3511
ML-KEM-768,Encapsulation,872,0.3457
ML-KEM-768,Encapsulation,873,0.4054
ML-KEM-768,Encapsulation,874,0.3589
ML-KEM-768,Encapsulation,875,0.3502
ML-KEM-768,Encapsulation,876,0.3492
ML-KEM-768,Encapsulation,877,0.3495
ML-KEM-768,Encapsulation,878,0.3743
ML-KEM-768,Encapsulation,879,0.352
ML-KEM-768,Encapsulation,880,0.3571
ML-KEM-768,Encapsulation,881,0.3482
ML-KEM-768,Encapsulation,882,0.3472
ML-KEM-768,Encapsulation,883,0.3453
ML-KEM-768,Encapsulation,884,0.3578
ML-KEM-768,Encapsulation,885,0.3841
ML-KEM-768,Encapsulation,886,0.3503
ML-KEM-768,Encapsulation,887,0.3459
ML-KEM-768,Encapsulation,888,0.3539
ML-KEM-768,Encapsulation,889,0.3559
ML-KEM-768,Encapsulation,890,0.3503
ML-KEM-768,Encapsulation,891,0.3573
ML-KEM-768,Encapsulation,892,0.3421
ML-KEM-768,Encapsulation,893,0.348
ML-KEM-768,Encapsulation,894,0.3499
ML-KEM-768,Encapsulation,895,0.3611
ML-KEM-768,Encapsulation,896,0.3534
ML-KEM-768,Encapsulation,897,0.3509
ML-KEM-768,Encapsulation,898,0.3456
ML-KEM-768,Encapsulation,899,0.344
ML-KEM-768,Encapsulation,900,0.348
ML-KEM-768,Encapsulation,901,0.3606
ML-KEM-768,Encapsulation,902,0.3544
ML-KEM-768,Encapsulation,903,0.352
ML-KEM-768,Encapsulation,904,0.3515
ML-KEM-768,Encapsulation,905,0.3537
ML-KEM-768,Encapsulation,906,0.362
ML-KEM-768,Encapsulation,907,0.3552
ML-KEM-768,Encapsulation,908,0.3501
ML-KEM-768,Encapsulation,909,0.3439
ML-KEM-768,Encapsulation,910,0.3544
ML-KEM-768,Encapsulation,911,0.3626
ML-KEM-768,Encapsulation,912,0.3575
ML-KEM-768,Encapsulation,913,0.338
ML-KEM-768,Encapsulation,914,0.3373
ML-KEM-768,Encapsulation,915,0.3348
ML-KEM-768,Encapsulation,916,0.3382
ML-KEM-768,Encapsulation,917,0.3346
ML-KEM-768,Encapsulation,918,0.4104
ML-KEM-768,Encapsulation,919,0.3694
ML-KEM-768,Encapsulation,920,0.3575
ML-KEM-768,Encapsulation,921,0.3469
ML-KEM-768,Encapsulation,922,0.3493
ML-KEM-768,Encapsulation,923,0.3492
ML-KEM-768,Encapsulation,924,0.3644
ML-KEM-768,Encapsulation,925,0.3521
ML-KEM-768,Encapsulation,926,0.3482
ML-KEM-768,Encapsulation,927,0.3482
ML-KEM-768,Encapsulation,928,0.3439
ML-KEM-768,Encapsulation,929,0.3477
ML-KEM-768,Encapsulation,930,0.3584
ML-KEM-768,Encapsulation,931,0.3446
ML-KEM-768,Encapsulation,932,0.3427
ML-KEM-768,Encapsulation,933,0.3441
ML-KEM-768,Encapsulation,934,0.3484
ML-KEM-768,Encapsulation,935,0.3561
ML-KEM-768,Encapsulation,936,0.3381
ML-KEM-768,Encapsulation,937,0.3473
ML-KEM-768,Encapsulation,938,0.3572
ML-KEM-768,Encapsulation,939,0.3488
ML-KEM-768,Encapsulation,940,0.3426
ML-KEM-768,Encapsulation,941,0.3553
ML-KEM-768,Encapsulation,942,0.3458
ML-KEM-768,Encapsulation,943,0.3551
ML-KEM-768,Encapsulation,944,0.3466
ML-KEM-768,Encapsulation,945,0.3457
ML-KEM-768,Encapsulation,946,0.3456
ML-KEM-768,Encapsulation,947,0.3556
ML-KEM-768,Encapsulation,948,0.3452
ML-KEM-768,Encapsulation,949,0.341
ML-KEM-768,Encapsulation,950,0.3555
ML-KEM-768,Encapsulation,951,0.3442
ML-KEM-768,Encapsulation,952,0.3615
ML-KEM-768,Encapsulation,953,0.3534
ML-KEM-768,Encapsulation,954,0.3413
ML-KEM-768,Encapsulation,955,0.3508
ML-KEM-768,Encapsulation,956,0.3413
ML-KEM-768,Encapsulation,957,0.3381
ML-KEM-768,Encapsulation,958,0.3958
ML-KEM-768,Encapsulation,959,0.3493
ML-KEM-768,Encapsulation,960,0.3476
ML-KEM-768,Encapsulation,961,0.3403
ML-KEM-768,Encapsulation,962,0.3411
ML-KEM-768,Encapsulation,963,0.4109
ML-KEM-768,Encapsulation,964,0.3529
ML-KEM-768,Encapsulation,965,0.3502
ML-KEM-768,Encapsulation,966,0.3421
ML-KEM-768,Encapsulation,967,0.3449
ML-KEM-768,Encapsulation,968,0.3638
ML-KEM-768,Encapsulation,969,0.3606
ML-KEM-768,Encapsulation,970,0.343
ML-KEM-768,Encapsulation,971,0.3403
ML-KEM-768,Encapsulation,972,0.3485
ML-KEM-768,Encapsulation,973,0.3507
ML-KEM-768,Encapsulation,974,0.3551
ML-KEM-768,Encapsulation,975,0.3518
ML-KEM-768,Encapsulation,976,0.3507
ML-KEM-768,Encapsulation,977,0.3451
ML-KEM-768,Encapsulation,978,0.3419
ML-KEM-768,Encapsulation,979,0.3506
ML-KEM-768,Encapsulation,980,0.3584
ML-KEM-768,Encapsulation,981,0.3488
ML-KEM-768,Encapsulation,982,0.3441
ML-KEM-768,Encapsulation,983,0.3432
ML-KEM-768,Encapsulation,984,0.3413
ML-KEM-768,Encapsulation,985,0.3427
ML-KEM-768,Encapsulation,986,0.3508
ML-KEM-768,Encapsulation,987,0.3491
ML-KEM-768,Encapsulation,988,0.3498
ML-KEM-768,Encapsulation,989,0.3499
ML-KEM-768,Encapsulation,990,0.3402
ML-KEM-768,Encapsulation,991,0.3504
ML-KEM-768,Encapsulation,992,0.3612
ML-KEM-768,Encapsulation,993,0.3416
ML-KEM-768,Encapsulation,994,0.3519
ML-KEM-768,Encapsulation,995,0.3407
ML-KEM-768,Encapsulation,996,0.3452
ML-KEM-768,Encapsulation,997,0.3633
ML-KEM-768,Encapsulation,998,0.3408
ML-KEM-768,Encapsulation,999,0.3486
ML-KEM-768,Encapsulation,1000,0.346
ML-KEM-768,Decapsulation,1,0.1732
ML-KEM-768,Decapsulation,2,0.1621
ML-KEM-768,Decapsulation,3,0.1599
ML-KEM-768,Decapsulation,4,0.1597
ML-KEM-768,Decapsulation,5,0.1596
ML-KEM-768,Decapsulation,6,0.1596
ML-KEM-768,Decapsulation,7,0.1598
ML-KEM-768,Decapsulation,8,0.1601
ML-KEM-768,Decapsulation,9,0.1596
ML-KEM-768,Decapsulation,10,0.1595
ML-KEM-768,Decapsulation,11,0.1595
ML-KEM-768,Decapsulation,12,0.1596
ML-KEM-768,Decapsulation,13,0.1681
ML-KEM-768,Decapsulation,14,0.1603
ML-KEM-768,Decapsulation,15,0.1596
ML-KEM-768,Decapsulation,16,0.1595
ML-KEM-768,Decapsulation,17,0.1657
ML-KEM-768,Decapsulation,18,0.1595
ML-KEM-768,Decapsulation,19,0.1594
ML-KEM-768,Decapsulation,20,0.1594
ML-KEM-768,Decapsulation,21,0.1596
ML-KEM-768,Decapsulation,22,0.1594
ML-KEM-768,Decapsulation,23,0.1595
ML-KEM-768,Decapsulation,24,0.1593
ML-KEM-768,Decapsulation,25,0.1591
ML-KEM-768,Decapsulation,26,0.1694
ML-KEM-768,Decapsulation,27,0.1604
ML-KEM-768,Decapsulation,28,0.1594
ML-KEM-768,Decapsulation,29,0.1594
ML-KEM-768,Decapsulation,30,0.1593
ML-KEM-768,Decapsulation,31,0.1594
ML-KEM-768,Decapsulation,32,0.1592
ML-KEM-768,Decapsulation,33,0.1593
ML-KEM-768,Decapsulation,34,0.1834
ML-KEM-768,Decapsulation,35,1.0733
ML-KEM-768,Decapsulation,36,0.1816
ML-KEM-768,Decapsulation,37,0.2271
ML-KEM-768,Decapsulation,38,0.1717
ML-KEM-768,Decapsulation,39,0.1675
ML-KEM-768,Decapsulation,40,0.1664
ML-KEM-768,Decapsulation,41,0.1661
ML-KEM-768,Decapsulation,42,0.1658
ML-KEM-768,Decapsulation,43,0.1657
ML-KEM-768,Decapsulation,44,0.179
ML-KEM-768,Decapsulation,45,0.1666
ML-KEM-768,Decapsulation,46,0.1665
ML-KEM-768,Decapsulation,47,0.1671
ML-KEM-768,Decapsulation,48,0.1675
ML-KEM-768,Decapsulation,49,0.2262
ML-KEM-768,Decapsulation,50,0.1725
ML-KEM-768,Decapsulation,51,0.1685
ML-KEM-768,Decapsulation,52,0.1683
ML-KEM-768,Decapsulation,53,0.2047
ML-KEM-768,Decapsulation,54,0.1752
ML-KEM-768,Decapsulation,55,0.2682
ML-KEM-768,Decapsulation,56,0.2003
ML-KEM-768,Decapsulation,57,0.1729
ML-KEM-768,Decapsulation,58,0.17
ML-KEM-768,Decapsulation,59,0.6399
ML-KEM-768,Decapsulation,60,0.1748
ML-KEM-768,Decapsulation,61,0.168
ML-KEM-768,Decapsulation,62,0.1679
ML-KEM-768,Decapsulation,63,0.1837
ML-KEM-768,Decapsulation,64,0.1679
ML-KEM-768,Decapsulation,65,0.1661
ML-KEM-768,Decapsulation,66,0.166
ML-KEM-768,Decapsulation,67,0.1657
ML-KEM-768,Decapsulation,68,0.1659
ML-KEM-768,Decapsulation,69,0.1659
ML-KEM-768,Decapsulation,70,0.1666
ML-KEM-768,Decapsulation,71,0.1686
ML-KEM-768,Decapsulation,72,0.1665
ML-KEM-768,Decapsulation,73,0.2727
ML-KEM-768,Decapsulation,74,1.6361
ML-KEM-768,Decapsulation,75,0.4209
ML-KEM-768,Decapsulation,76,0.3233
ML-KEM-768,Decapsulation,77,0.1718
ML-KEM-768,Decapsulation,78,0.3651
ML-KEM-768,Decapsulation,79,0.2263
ML-KEM-768,Decapsulation,80,0.209
ML-KEM-768,Decapsulation,81,0.266
ML-KEM-768,Decapsulation,82,0.1724
ML-KEM-768,Decapsulation,83,1.2292
ML-KEM-768,Decapsulation,84,0.1829
ML-KEM-768,Decapsulation,85,0.1688
ML-KEM-768,Decapsulation,86,0.1682
ML-KEM-768,Decapsulation,87,0.1674
ML-KEM-768,Decapsulation,88,0.168
ML-KEM-768,Decapsulation,89,0.1675
ML-KEM-768,Decapsulation,90,0.1677
ML-KEM-768,Decapsulation,91,0.1674
ML-KEM-768,Decapsulation,92,0.167
ML-KEM-768,Decapsulation,93,0.1992
ML-KEM-768,Decapsulation,94,0.2271
ML-KEM-768,Decapsulation,95,0.1703
ML-KEM-768,Decapsulation,96,0.1686
ML-KEM-768,Decapsulation,97,0.1673
ML-KEM-768,Decapsulation,98,0.1663
ML-KEM-768,Decapsulation,99,0.1884
ML-KEM-768,Decapsulation,100,0.169
ML-KEM-768,Decapsulation,101,0.1677
ML-KEM-768,Decapsulation,102,4.1283
ML-KEM-768,Decapsulation,103,0.1992
ML-KEM-768,Decapsulation,104,0.1918
ML-KEM-768,Decapsulation,105,0.4206
ML-KEM-768,Decapsulation,106,0.1735
ML-KEM-768,Decapsulation,107,0.1684
ML-KEM-768,Decapsulation,108,0.1682
ML-KEM-768,Decapsulation,109,0.1675
ML-KEM-768,Decapsulation,110,0.1683
ML-KEM-768,Decapsulation,111,0.1674
ML-KEM-768,Decapsulation,112,0.1673
ML-KEM-768,Decapsulation,113,0.167
ML-KEM-768,Decapsulation,114,0.1841
ML-KEM-768,Decapsulation,115,0.1682
ML-KEM-768,Decapsulation,116,0.1676
ML-KEM-768,Decapsulation,117,0.1679
ML-KEM-768,Decapsulation,118,0.1671
ML-KEM-768,Decapsulation,119,0.167
ML-KEM-768,Decapsulation,120,0.167
ML-KEM-768,Decapsulation,121,0.1676
ML-KEM-768,Decapsulation,122,0.1674
ML-KEM-768,Decapsulation,123,0.1672
ML-KEM-768,Decapsulation,124,0.1671
ML-KEM-768,Decapsulation,125,0.1676
ML-KEM-768,Decapsulation,126,0.1795
ML-KEM-768,Decapsulation,127,0.168
ML-KEM-768,Decapsulation,128,0.2179
ML-KEM-768,Decapsulation,129,0.1753
ML-KEM-768,Decapsulation,130,0.1708
ML-KEM-768,Decapsulation,131,0.192
ML-KEM-768,Decapsulation,132,0.1704
ML-KEM-768,Decapsulation,133,0.1684
ML-KEM-768,Decapsulation,134,0.1679
ML-KEM-768,Decapsulation,135,0.1856
ML-KEM-768,Decapsulation,136,0.168
ML-KEM-768,Decapsulation,137,0.1668
ML-KEM-768,Decapsulation,138,0.1666
ML-KEM-768,Decapsulation,139,0.1667
ML-KEM-768,Decapsulation,140,0.1661
ML-KEM-768,Decapsulation,141,0.166
ML-KEM-768,Decapsulation,142,0.1662
ML-KEM-768,Decapsulation,143,0.1671
ML-KEM-768,Decapsulation,144,0.167
ML-KEM-768,Decapsulation,145,0.1817
ML-KEM-768,Decapsulation,146,0.1663
ML-KEM-768,Decapsulation,147,0.2762
ML-KEM-768,Decapsulation,148,0.2277
ML-KEM-768,Decapsulation,149,0.172
ML-KEM-768,Decapsulation,150,0.1698
ML-KEM-768,Decapsulation,151,0.1676
ML-KEM-768,Decapsulation,152,0.167
ML-KEM-768,Decapsulation,153,0.1674
ML-KEM-768,Decapsulation,154,0.1669
ML-KEM-768,Decapsulation,155,0.1684
ML-KEM-768,Decapsulation,156,0.1671
ML-KEM-768,Decapsulation,157,0.1662
ML-KEM-768,Decapsulation,158,0.1665
ML-KEM-768,Decapsulation,159,0.2392
ML-KEM-768,Decapsulation,160,0.1733
ML-KEM-768,Decapsulation,161,0.1689
ML-KEM-768,Decapsulation,162,0.1675
ML-KEM-768,Decapsulation,163,0.1665
ML-KEM-768,Decapsulation,164,0.1664
ML-KEM-768,Decapsulation,165,0.1658
ML-KEM-768,Decapsulation,166,0.1659
ML-KEM-768,Decapsulation,167,0.1657
ML-KEM-768,Decapsulation,168,0.1657
ML-KEM-768,Decapsulation,169,0.1782
ML-KEM-768,Decapsulation,170,0.167
ML-KEM-768,Decapsulation,171,0.1653
ML-KEM-768,Decapsulation,172,0.1656
ML-KEM-768,Decapsulation,173,0.7114
ML-KEM-768,Decapsulation,174,0.1743
ML-KEM-768,Decapsulation,175,0.1665
ML-KEM-768,Decapsulation,176,0.1657
ML-KEM-768,Decapsulation,177,0.1658
ML-KEM-768,Decapsulation,178,0.1795
ML-KEM-768,Decapsulation,179,0.1667
ML-KEM-768,Decapsulation,180,0.1655
ML-KEM-768,Decapsulation,181,0.1653
ML-KEM-768,Decapsulation,182,0.1653
ML-KEM-768,Decapsulation,183,0.1653
ML-KEM-768,Decapsulation,184,0.1656
ML-KEM-768,Decapsulation,185,0.1656
ML-KEM-768,Decapsulation,186,0.1651
ML-KEM-768,Decapsulation,187,0.1655
ML-KEM-768,Decapsulation,188,0.1651
ML-KEM-768,Decapsulation,189,0.1652
ML-KEM-768,Decapsulation,190,0.1746
ML-KEM-768,Decapsulation,191,0.1663
ML-KEM-768,Decapsulation,192,0.1653
ML-KEM-768,Decapsulation,193,0.1652
ML-KEM-768,Decapsulation,194,0.1655
ML-KEM-768,Decapsulation,195,0.1652
ML-KEM-768,Decapsulation,196,0.1655
ML-KEM-768,Decapsulation,197,0.1653
ML-KEM-768,Decapsulation,198,0.1673
ML-KEM-768,Decapsulation,199,0.1653
ML-KEM-768,Decapsulation,200,0.165
ML-KEM-768,Decapsulation,201,0.1651
ML-KEM-768,Decapsulation,202,0.1749
ML-KEM-768,Decapsulation,203,0.1665
ML-KEM-768,Decapsulation,204,0.1654
ML-KEM-768,Decapsulation,205,0.1653
ML-KEM-768,Decapsulation,206,0.1654
ML-KEM-768,Decapsulation,207,0.1655
ML-KEM-768,Decapsulation,208,0.1656
ML-KEM-768,Decapsulation,209,0.1654
ML-KEM-768,Decapsulation,210,0.1652
ML-KEM-768,Decapsulation,211,0.1656
ML-KEM-768,Decapsulation,212,0.1655
ML-KEM-768,Decapsulation,213,0.1653
ML-KEM-768,Decapsulation,214,0.1781
ML-KEM-768,Decapsulation,215,0.1666
ML-KEM-768,Decapsulation,216,0.1661
ML-KEM-768,Decapsulation,217,0.1657
ML-KEM-768,Decapsulation,218,0.1654
ML-KEM-768,Decapsulation,219,0.1654
ML-KEM-768,Decapsulation,220,0.1657
ML-KEM-768,Decapsulation,221,0.1656
ML-KEM-768,Decapsulation,222,0.1655
ML-KEM-768,Decapsulation,223,0.1655
ML-KEM-768,Decapsulation,224,0.1651
ML-KEM-768,Decapsulation,225,0.1653
ML-KEM-768,Decapsulation,226,0.1769
ML-KEM-768,Decapsulation,227,0.1665
ML-KEM-768,Decapsulation,228,0.1654
ML-KEM-768,Decapsulation,229,0.1653
ML-KEM-768,Decapsulation,230,0.1653
ML-KEM-768,Decapsulation,231,0.1653
ML-KEM-768,Decapsulation,232,0.1658
ML-KEM-768,Decapsulation,233,0.1654
ML-KEM-768,Decapsulation,234,0.1655
ML-KEM-768,Decapsulation,235,0.1654
ML-KEM-768,Decapsulation,236,0.1654
ML-KEM-768,Decapsulation,237,0.1653
ML-KEM-768,Decapsulation,238,0.1742
ML-KEM-768,Decapsulation,239,0.1664
ML-KEM-768,Decapsulation,240,0.1654
ML-KEM-768,Decapsulation,241,0.1653
ML-KEM-768,Decapsulation,242,0.1654
ML-KEM-768,Decapsulation,243,0.1654
ML-KEM-768,Decapsulation,244,0.1655
ML-KEM-768,Decapsulation,245,0.1659
ML-KEM-768,Decapsulation,246,0.1656
ML-KEM-768,Decapsulation,247,0.1654
ML-KEM-768,Decapsulation,248,0.1659
ML-KEM-768,Decapsulation,249,0.1653
ML-KEM-768,Decapsulation,250,0.1755
ML-KEM-768,Decapsulation,251,0.1664
ML-KEM-768,Decapsulation,252,0.1653
ML-KEM-768,Decapsulation,253,0.1651
ML-KEM-768,Decapsulation,254,0.1653
ML-KEM-768,Decapsulation,255,0.1652
ML-KEM-768,Decapsulation,256,0.1654
ML-KEM-768,Decapsulation,257,0.1654
ML-KEM-768,Decapsulation,258,0.1654
ML-KEM-768,Decapsulation,259,0.1652
ML-KEM-768,Decapsulation,260,0.1655
ML-KEM-768,Decapsulation,261,0.1654
ML-KEM-768,Decapsulation,262,0.175
ML-KEM-768,Decapsulation,263,0.1667
ML-KEM-768,Decapsulation,264,0.1651
ML-KEM-768,Decapsulation,265,0.1654
ML-KEM-768,Decapsulation,266,0.1653
ML-KEM-768,Decapsulation,267,0.1653
ML-KEM-768,Decapsulation,268,0.1658
ML-KEM-768,Decapsulation,269,0.2428
ML-KEM-768,Decapsulation,270,0.3367
ML-KEM-768,Decapsulation,271,0.1701
ML-KEM-768,Decapsulation,272,0.1777
ML-KEM-768,Decapsulation,273,0.1666
ML-KEM-768,Decapsulation,274,0.1652
ML-KEM-768,Decapsulation,275,0.1653
ML-KEM-768,Decapsulation,276,0.1654
ML-KEM-768,Decapsulation,277,0.1653
ML-KEM-768,Decapsulation,278,0.1652
ML-KEM-768,Decapsulation,279,0.1649
ML-KEM-768,Decapsulation,280,0.1651
ML-KEM-768,Decapsulation,281,0.1648
ML-KEM-768,Decapsulation,282,0.1655
ML-KEM-768,Decapsulation,283,0.1649
ML-KEM-768,Decapsulation,284,0.1739
ML-KEM-768,Decapsulation,285,0.1659
ML-KEM-768,Decapsulation,286,0.165
ML-KEM-768,Decapsulation,287,0.1653
ML-KEM-768,Decapsulation,288,0.1657
ML-KEM-768,Decapsulation,289,0.1652
ML-KEM-768,Decapsulation,290,0.1653
ML-KEM-768,Decapsulation,291,0.1652
ML-KEM-768,Decapsulation,292,0.1649
ML-KEM-768,Decapsulation,293,0.1652
ML-KEM-768,Decapsulation,294,0.1655
ML-KEM-768,Decapsulation,295,0.1652
ML-KEM-768,Decapsulation,296,0.1752
ML-KEM-768,Decapsulation,297,0.1666
ML-KEM-768,Decapsulation,298,0.1654
ML-KEM-768,Decapsulation,299,0.1657
ML-KEM-768,Decapsulation,300,0.1653
ML-KEM-768,Decapsulation,301,0.1653
ML-KEM-768,Decapsulation,302,0.165
ML-KEM-768,Decapsulation,303,0.1648
ML-KEM-768,Decapsulation,304,0.1651
ML-KEM-768,Decapsulation,305,0.1652
ML-KEM-768,Decapsulation,306,0.1656
ML-KEM-768,Decapsulation,307,0.1653
ML-KEM-768,Decapsulation,308,0.1748
ML-KEM-768,Decapsulation,309,0.1664
ML-KEM-768,Decapsulation,310,0.1655
ML-KEM-768,Decapsulation,311,0.1656
ML-KEM-768,Decapsulation,312,0.1654
ML-KEM-768,Decapsulation,313,0.1652
ML-KEM-768,Decapsulation,314,0.1652
ML-KEM-768,Decapsulation,315,0.1652
ML-KEM-768,Decapsulation,316,0.1651
ML-KEM-768,Decapsulation,317,0.1652
ML-KEM-768,Decapsulation,318,0.2076
ML-KEM-768,Decapsulation,319,0.167
ML-KEM-768,Decapsulation,320,0.1756
ML-KEM-768,Decapsulation,321,0.167
ML-KEM-768,Decapsulation,322,0.1654
ML-KEM-768,Decapsulation,323,0.1653
ML-KEM-768,Decapsulation,324,0.1652
ML-KEM-768,Decapsulation,325,0.1652
ML-KEM-768,Decapsulation,326,0.1649
ML-KEM-768,Decapsulation,327,0.165
ML-KEM-768,Decapsulation,328,0.1649
ML-KEM-768,Decapsulation,329,0.165
ML-KEM-768,Decapsulation,330,0.1651
ML-KEM-768,Decapsulation,331,0.1652
ML-KEM-768,Decapsulation,332,0.1764
ML-KEM-768,Decapsulation,333,0.1663
ML-KEM-768,Decapsulation,334,0.1652
ML-KEM-768,Decapsulation,335,0.1654
ML-KEM-768,Decapsulation,336,0.1651
ML-KEM-768,Decapsulation,337,0.165
ML-KEM-768,Decapsulation,338,0.1652
ML-KEM-768,Decapsulation,339,0.1651
ML-KEM-768,Decapsulation,340,0.1648
ML-KEM-768,Decapsulation,341,0.1653
ML-KEM-768,Decapsulation,342,0.1652
ML-KEM-768,Decapsulation,343,0.1649
ML-KEM-768,Decapsulation,344,0.1772
ML-KEM-768,Decapsulation,345,0.1662
ML-KEM-768,Decapsulation,346,0.1653
ML-KEM-768,Decapsulation,347,0.1654
ML-KEM-768,Decapsulation,348,0.1653
ML-KEM-768,Decapsulation,349,0.1654
ML-KEM-768,Decapsulation,350,0.1651
ML-KEM-768,Decapsulation,351,0.1649
ML-KEM-768,Decapsulation,352,0.1652
ML-KEM-768,Decapsulation,353,0.2002
ML-KEM-768,Decapsulation,354,0.1686
ML-KEM-768,Decapsulation,355,0.2751
ML-KEM-768,Decapsulation,356,0.1729
ML-KEM-768,Decapsulation,357,0.1683
ML-KEM-768,Decapsulation,358,0.7991
ML-KEM-768,Decapsulation,359,0.1741
ML-KEM-768,Decapsulation,360,0.207
ML-KEM-768,Decapsulation,361,0.2678
ML-KEM-768,Decapsulation,362,0.1694
ML-KEM-768,Decapsulation,363,0.166
ML-KEM-768,Decapsulation,364,0.1656
ML-KEM-768,Decapsulation,365,0.1843
ML-KEM-768,Decapsulation,366,0.2136
ML-KEM-768,Decapsulation,367,0.1659
ML-KEM-768,Decapsulation,368,0.161
ML-KEM-768,Decapsulation,369,0.16
ML-KEM-768,Decapsulation,370,0.1593
ML-KEM-768,Decapsulation,371,0.1595
ML-KEM-768,Decapsulation,372,0.1593
ML-KEM-768,Decapsulation,373,0.1592
ML-KEM-768,Decapsulation,374,0.1591
ML-KEM-768,Decapsulation,375,0.1593
ML-KEM-768,Decapsulation,376,0.174
ML-KEM-768,Decapsulation,377,0.1607
ML-KEM-768,Decapsulation,378,0.1593
ML-KEM-768,Decapsulation,379,0.1592
ML-KEM-768,Decapsulation,380,0.1592
ML-KEM-768,Decapsulation,381,0.1592
ML-KEM-768,Decapsulation,382,0.1593
ML-KEM-768,Decapsulation,383,0.1592
ML-KEM-768,Decapsulation,384,0.1592
ML-KEM-768,Decapsulation,385,0.1593
ML-KEM-768,Decapsulation,386,0.1591
ML-KEM-768,Decapsulation,387,0.1593
ML-KEM-768,Decapsulation,388,0.1593
ML-KEM-768,Decapsulation,389,0.1685
ML-KEM-768,Decapsulation,390,0.1607
ML-KEM-768,Decapsulation,391,0.1594
ML-KEM-768,Decapsulation,392,0.1592
ML-KEM-768,Decapsulation,393,0.1592
ML-KEM-768,Decapsulation,394,0.1589
ML-KEM-768,Decapsulation,395,0.1592
ML-KEM-768,Decapsulation,396,0.1592
ML-KEM-768,Decapsulation,397,0.1594
ML-KEM-768,Decapsulation,398,0.1669
ML-KEM-768,Decapsulation,399,0.1592
ML-KEM-768,Decapsulation,400,0.1592
ML-KEM-768,Decapsulation,401,0.1698
ML-KEM-768,Decapsulation,402,0.1605
ML-KEM-768,Decapsulation,403,0.1595
ML-KEM-768,Decapsulation,404,0.1591
ML-KEM-768,Decapsulation,405,0.1594
ML-KEM-768,Decapsulation,406,0.1593
ML-KEM-768,Decapsulation,407,0.1592
ML-KEM-768,Decapsulation,408,0.1592
ML-KEM-768,Decapsulation,409,0.1591
ML-KEM-768,Decapsulation,410,0.1595
ML-KEM-768,Decapsulation,411,0.1591
ML-KEM-768,Decapsulation,412,0.1592
ML-KEM-768,Decapsulation,413,0.167
ML-KEM-768,Decapsulation,414,0.1601
ML-KEM-768,Decapsulation,415,0.1596
ML-KEM-768,Decapsulation,416,0.1594
ML-KEM-768,Decapsulation,417,0.1594
ML-KEM-768,Decapsulation,418,0.1595
ML-KEM-768,Decapsulation,419,0.1594
ML-KEM-768,Decapsulation,420,0.1592
ML-KEM-768,Decapsulation,421,0.1593
ML-KEM-768,Decapsulation,422,0.1593
ML-KEM-768,Decapsulation,423,0.1591
ML-KEM-768,Decapsulation,424,0.1591
ML-KEM-768,Decapsulation,425,0.1591
ML-KEM-768,Decapsulation,426,0.1693
ML-KEM-768,Decapsulation,427,0.1599
ML-KEM-768,Decapsulation,428,0.159
ML-KEM-768,Decapsulation,429,0.159
ML-KEM-768,Decapsulation,430,0.1589
ML-KEM-768,Decapsulation,431,0.1593
ML-KEM-768,Decapsulation,432,0.159
ML-KEM-768,Decapsulation,433,0.159
ML-KEM-768,Decapsulation,434,0.1588
ML-KEM-768,Decapsulation,435,0.159
ML-KEM-768,Decapsulation,436,0.159
ML-KEM-768,Decapsulation,437,0.1591
ML-KEM-768,Decapsulation,438,0.1683
ML-KEM-768,Decapsulation,439,0.1601
ML-KEM-768,Decapsulation,440,0.159
ML-KEM-768,Decapsulation,441,0.1589
ML-KEM-768,Decapsulation,442,0.159
ML-KEM-768,Decapsulation,443,0.159
ML-KEM-768,Decapsulation,444,0.1591
ML-KEM-768,Decapsulation,445,0.1589
ML-KEM-768,Decapsulation,446,0.1591
ML-KEM-768,Decapsulation,447,0.1591
ML-KEM-768,Decapsulation,448,0.1591
ML-KEM-768,Decapsulation,449,0.1591
ML-KEM-768,Decapsulation,450,0.1591
ML-KEM-768,Decapsulation,451,0.1677
ML-KEM-768,Decapsulation,452,0.1598
ML-KEM-768,Decapsulation,453,0.1613
ML-KEM-768,Decapsulation,454,0.159
ML-KEM-768,Decapsulation,455,0.1591
ML-KEM-768,Decapsulation,456,0.159
ML-KEM-768,Decapsulation,457,0.159
ML-KEM-768,Decapsulation,458,0.1593
ML-KEM-768,Decapsulation,459,0.1592
ML-KEM-768,Decapsulation,460,0.159
ML-KEM-768,Decapsulation,461,0.159
ML-KEM-768,Decapsulation,462,0.1592
ML-KEM-768,Decapsulation,463,0.2356
ML-KEM-768,Decapsulation,464,0.202
ML-KEM-768,Decapsulation,465,0.1711
ML-KEM-768,Decapsulation,466,0.1667
ML-KEM-768,Decapsulation,467,0.1656
ML-KEM-768,Decapsulation,468,0.1655
ML-KEM-768,Decapsulation,469,0.1657
ML-KEM-768,Decapsulation,470,0.1654
ML-KEM-768,Decapsulation,471,0.1653
ML-KEM-768,Decapsulation,472,0.1653
ML-KEM-768,Decapsulation,473,0.1652
ML-KEM-768,Decapsulation,474,0.1782
ML-KEM-768,Decapsulation,475,0.1665
ML-KEM-768,Decapsulation,476,0.1655
ML-KEM-768,Decapsulation,477,0.1653
ML-KEM-768,Decapsulation,478,0.1652
ML-KEM-768,Decapsulation,479,0.1655
ML-KEM-768,Decapsulation,480,0.1651
ML-KEM-768,Decapsulation,481,0.1649
ML-KEM-768,Decapsulation,482,0.1653
ML-KEM-768,Decapsulation,483,0.1653
ML-KEM-768,Decapsulation,484,0.1651
ML-KEM-768,Decapsulation,485,0.1652
ML-KEM-768,Decapsulation,486,0.1748
ML-KEM-768,Decapsulation,487,0.1663
ML-KEM-768,Decapsulation,488,0.1656
ML-KEM-768,Decapsulation,489,0.1652
ML-KEM-768,Decapsulation,490,0.1652
ML-KEM-768,Decapsulation,491,0.1652
ML-KEM-768,Decapsulation,492,0.1653
ML-KEM-768,Decapsulation,493,0.1652
ML-KEM-768,Decapsulation,494,0.1652
ML-KEM-768,Decapsulation,495,0.1653
ML-KEM-768,Decapsulation,496,0.1652
ML-KEM-768,Decapsulation,497,0.165
ML-KEM-768,Decapsulation,498,0.2169
ML-KEM-768,Decapsulation,499,0.1673
ML-KEM-768,Decapsulation,500,0.165
ML-KEM-768,Decapsulation,501,0.1651
ML-KEM-768,Decapsulation,502,0.1651
ML-KEM-768,Decapsulation,503,0.1658
ML-KEM-768,Decapsulation,504,0.1653
ML-KEM-768,Decapsulation,505,0.1652
ML-KEM-768,Decapsulation,506,0.1652
ML-KEM-768,Decapsulation,507,0.1653
ML-KEM-768,Decapsulation,508,0.1651
ML-KEM-768,Decapsulation,509,0.165
ML-KEM-768,Decapsulation,510,0.177
ML-KEM-768,Decapsulation,511,0.1661
ML-KEM-768,Decapsulation,512,0.1652
ML-KEM-768,Decapsulation,513,0.165
ML-KEM-768,Decapsulation,514,0.165
ML-KEM-768,Decapsulation,515,0.1649
ML-KEM-768,Decapsulation,516,0.1652
ML-KEM-768,Decapsulation,517,0.1652
ML-KEM-768,Decapsulation,518,0.1651
ML-KEM-768,Decapsulation,519,0.1653
ML-KEM-768,Decapsulation,520,0.1651
ML-KEM-768,Decapsulation,521,0.1652
ML-KEM-768,Decapsulation,522,0.1751
ML-KEM-768,Decapsulation,523,0.1661
ML-KEM-768,Decapsulation,524,0.1651
ML-KEM-768,Decapsulation,525,0.1654
ML-KEM-768,Decapsulation,526,0.172
ML-KEM-768,Decapsulation,527,0.1652
ML-KEM-768,Decapsulation,528,0.1652
ML-KEM-768,Decapsulation,529,0.1651
ML-KEM-768,Decapsulation,530,0.1652
ML-KEM-768,Decapsulation,531,0.1653
ML-KEM-768,Decapsulation,532,0.1651
ML-KEM-768,Decapsulation,533,0.165
ML-KEM-768,Decapsulation,534,0.178
ML-KEM-768,Decapsulation,535,0.1661
ML-KEM-768,Decapsulation,536,0.1653
ML-KEM-768,Decapsulation,537,0.1652
ML-KEM-768,Decapsulation,538,0.1652
ML-KEM-768,Decapsulation,539,0.1651
ML-KEM-768,Decapsulation,540,0.1653
ML-KEM-768,Decapsulation,541,0.1652
ML-KEM-768,Decapsulation,542,0.1653
ML-KEM-768,Decapsulation,543,0.1653
ML-KEM-768,Decapsulation,544,0.1652
ML-KEM-768,Decapsulation,545,0.1654
ML-KEM-768,Decapsulation,546,0.1771
ML-KEM-768,Decapsulation,547,0.1663
ML-KEM-768,Decapsulation,548,0.1652
ML-KEM-768,Decapsulation,549,0.1652
ML-KEM-768,Decapsulation,550,0.1652
ML-KEM-768,Decapsulation,551,0.1651
ML-KEM-768,Decapsulation,552,0.165
ML-KEM-768,Decapsulation,553,0.1651
ML-KEM-768,Decapsulation,554,0.1651
ML-KEM-768,Decapsulation,555,0.1649
ML-KEM-768,Decapsulation,556,0.1649
ML-KEM-768,Decapsulation,557,0.2638
ML-KEM-768,Decapsulation,558,0.1679
ML-KEM-768,Decapsulation,559,0.1652
ML-KEM-768,Decapsulation,560,0.1652
ML-KEM-768,Decapsulation,561,0.1651
ML-KEM-768,Decapsulation,562,0.1958
ML-KEM-768,Decapsulation,563,0.1668
ML-KEM-768,Decapsulation,564,0.1654
ML-KEM-768,Decapsulation,565,0.1652
ML-KEM-768,Decapsulation,566,0.1652
ML-KEM-768,Decapsulation,567,0.1654
ML-KEM-768,Decapsulation,568,0.1781
ML-KEM-768,Decapsulation,569,0.1664
ML-KEM-768,Decapsulation,570,0.1653
ML-KEM-768,Decapsulation,571,0.1653
ML-KEM-768,Decapsulation,572,0.1653
ML-KEM-768,Decapsulation,573,0.1654
ML-KEM-768,Decapsulation,574,0.165
ML-KEM-768,Decapsulation,575,0.1651
ML-KEM-768,Decapsulation,576,0.1651
ML-KEM-768,Decapsulation,577,0.1651
ML-KEM-768,Decapsulation,578,0.1651
ML-KEM-768,Decapsulation,579,0.165
ML-KEM-768,Decapsulation,580,0.1748
ML-KEM-768,Decapsulation,581,0.1659
ML-KEM-768,Decapsulation,582,0.1652
ML-KEM-768,Decapsulation,583,0.1652
ML-KEM-768,Decapsulation,584,0.165
ML-KEM-768,Decapsulation,585,0.165
ML-KEM-768,Decapsulation,586,0.1653
ML-KEM-768,Decapsulation,587,0.1651
ML-KEM-768,Decapsulation,588,0.1652
ML-KEM-768,Decapsulation,589,0.1652
ML-KEM-768,Decapsulation,590,0.1649
ML-KEM-768,Decapsulation,591,0.1652
ML-KEM-768,Decapsulation,592,0.1766
ML-KEM-768,Decapsulation,593,0.1663
ML-KEM-768,Decapsulation,594,0.1656
ML-KEM-768,Decapsulation,595,0.1651
ML-KEM-768,Decapsulation,596,0.165
ML-KEM-768,Decapsulation,597,0.1649
ML-KEM-768,Decapsulation,598,0.1651
ML-KEM-768,Decapsulation,599,0.165
ML-KEM-768,Decapsulation,600,0.165
ML-KEM-768,Decapsulation,601,0.1651
ML-KEM-768,Decapsulation,602,0.1651
ML-KEM-768,Decapsulation,603,0.165
ML-KEM-768,Decapsulation,604,0.1747
ML-KEM-768,Decapsulation,605,0.166
ML-KEM-768,Decapsulation,606,0.1652
ML-KEM-768,Decapsulation,607,0.1649
ML-KEM-768,Decapsulation,608,0.1651
ML-KEM-768,Decapsulation,609,0.165
ML-KEM-768,Decapsulation,610,0.1649
ML-KEM-768,Decapsulation,611,0.1653
ML-KEM-768,Decapsulation,612,0.1649
ML-KEM-768,Decapsulation,613,0.1651
ML-KEM-768,Decapsulation,614,0.1653
ML-KEM-768,Decapsulation,615,0.165
ML-KEM-768,Decapsulation,616,0.177
ML-KEM-768,Decapsulation,617,0.1664
ML-KEM-768,Decapsulation,618,0.1651
ML-KEM-768,Decapsulation,619,0.165
ML-KEM-768,Decapsulation,620,0.1647
ML-KEM-768,Decapsulation,621,0.1651
ML-KEM-768,Decapsulation,622,0.1651
ML-KEM-768,Decapsulation,623,0.1649
ML-KEM-768,Decapsulation,624,0.1651
ML-KEM-768,Decapsulation,625,0.1652
ML-KEM-768,Decapsulation,626,0.165
ML-KEM-768,Decapsulation,627,0.1649
ML-KEM-768,Decapsulation,628,0.1749
ML-KEM-768,Decapsulation,629,0.1661
ML-KEM-768,Decapsulation,630,0.1653
ML-KEM-768,Decapsulation,631,0.1647
ML-KEM-768,Decapsulation,632,0.1648
ML-KEM-768,Decapsulation,633,0.1648
ML-KEM-768,Decapsulation,634,0.165
ML-KEM-768,Decapsulation,635,0.1647
ML-KEM-768,Decapsulation,636,0.1648
ML-KEM-768,Decapsulation,637,0.1652
ML-KEM-768,Decapsulation,638,0.1648
ML-KEM-768,Decapsulation,639,0.1653
ML-KEM-768,Decapsulation,640,0.1757
ML-KEM-768,Decapsulation,641,0.166
ML-KEM-768,Decapsulation,642,0.1652
ML-KEM-768,Decapsulation,643,0.1648
ML-KEM-768,Decapsulation,644,0.1651
ML-KEM-768,Decapsulation,645,0.165
ML-KEM-768,Decapsulation,646,0.1651
ML-KEM-768,Decapsulation,647,0.1649
ML-KEM-768,Decapsulation,648,0.1648
ML-KEM-768,Decapsulation,649,0.1649
ML-KEM-768,Decapsulation,650,0.1652
ML-KEM-768,Decapsulation,651,0.4647
ML-KEM-768,Decapsulation,652,0.175
ML-KEM-768,Decapsulation,653,0.1677
ML-KEM-768,Decapsulation,654,0.2064
ML-KEM-768,Decapsulation,655,0.1705
ML-KEM-768,Decapsulation,656,0.1674
ML-KEM-768,Decapsulation,657,0.2491
ML-KEM-768,Decapsulation,658,0.1726
ML-KEM-768,Decapsulation,659,0.4189
ML-KEM-768,Decapsulation,660,0.1823
ML-KEM-768,Decapsulation,661,0.1602
ML-KEM-768,Decapsulation,662,0.1598
ML-KEM-768,Decapsulation,663,0.1597
ML-KEM-768,Decapsulation,664,0.1596
ML-KEM-768,Decapsulation,665,0.1793
ML-KEM-768,Decapsulation,666,0.208
ML-KEM-768,Decapsulation,667,0.1678
ML-KEM-768,Decapsulation,668,0.1804
ML-KEM-768,Decapsulation,669,0.1671
ML-KEM-768,Decapsulation,670,0.1655
ML-KEM-768,Decapsulation,671,0.166
ML-KEM-768,Decapsulation,672,0.1655
ML-KEM-768,Decapsulation,673,0.1655
ML-KEM-768,Decapsulation,674,0.1656
ML-KEM-768,Decapsulation,675,0.1653
ML-KEM-768,Decapsulation,676,0.1651
ML-KEM-768,Decapsulation,677,0.1655
ML-KEM-768,Decapsulation,678,0.1656
ML-KEM-768,Decapsulation,679,0.1653
ML-KEM-768,Decapsulation,680,0.1761
ML-KEM-768,Decapsulation,681,0.1665
ML-KEM-768,Decapsulation,682,0.1655
ML-KEM-768,Decapsulation,683,0.1659
ML-KEM-768,Decapsulation,684,0.1655
ML-KEM-768,Decapsulation,685,0.1653
ML-KEM-768,Decapsulation,686,0.1655
ML-KEM-768,Decapsulation,687,0.1654
ML-KEM-768,Decapsulation,688,0.1652
ML-KEM-768,Decapsulation,689,0.1653
ML-KEM-768,Decapsulation,690,0.1654
ML-KEM-768,Decapsulation,691,0.1653
ML-KEM-768,Decapsulation,692,0.1743
ML-KEM-768,Decapsulation,693,0.166
ML-KEM-768,Decapsulation,694,0.1655
ML-KEM-768,Decapsulation,695,0.1654
ML-KEM-768,Decapsulation,696,0.1654
ML-KEM-768,Decapsulation,697,0.165
ML-KEM-768,Decapsulation,698,0.1649
ML-KEM-768,Decapsulation,699,0.1652
ML-KEM-768,Decapsulation,700,0.1652
ML-KEM-768,Decapsulation,701,0.1664
ML-KEM-768,Decapsulation,702,0.1658
ML-KEM-768,Decapsulation,703,0.165
ML-KEM-768,Decapsulation,704,0.1737
ML-KEM-768,Decapsulation,705,0.1662
ML-KEM-768,Decapsulation,706,0.1652
ML-KEM-768,Decapsulation,707,0.1654
ML-KEM-768,Decapsulation,708,0.1653
ML-KEM-768,Decapsulation,709,0.165
ML-KEM-768,Decapsulation,710,0.1651
ML-KEM-768,Decapsulation,711,0.165
ML-KEM-768,Decapsulation,712,0.1649
ML-KEM-768,Decapsulation,713,0.1652
ML-KEM-768,Decapsulation,714,0.1654
ML-KEM-768,Decapsulation,715,0.1653
ML-KEM-768,Decapsulation,716,0.1762
ML-KEM-768,Decapsulation,717,0.1662
ML-KEM-768,Decapsulation,718,0.1652
ML-KEM-768,Decapsulation,719,0.1653
ML-KEM-768,Decapsulation,720,0.1653
ML-KEM-768,Decapsulation,721,0.1652
ML-KEM-768,Decapsulation,722,0.1651
ML-KEM-768,Decapsulation,723,0.165
ML-KEM-768,Decapsulation,724,0.1651
ML-KEM-768,Decapsulation,725,0.1657
ML-KEM-768,Decapsulation,726,0.1652
ML-KEM-768,Decapsulation,727,0.1654
ML-KEM-768,Decapsulation,728,0.1986
ML-KEM-768,Decapsulation,729,0.1677
ML-KEM-768,Decapsulation,730,0.1656
ML-KEM-768,Decapsulation,731,0.1653
ML-KEM-768,Decapsulation,732,0.1652
ML-KEM-768,Decapsulation,733,0.1652
ML-KEM-768,Decapsulation,734,0.1653
ML-KEM-768,Decapsulation,735,0.1652
ML-KEM-768,Decapsulation,736,0.165
ML-KEM-768,Decapsulation,737,0.2185
ML-KEM-768,Decapsulation,738,0.1751
ML-KEM-768,Decapsulation,739,0.1691
ML-KEM-768,Decapsulation,740,0.1663
ML-KEM-768,Decapsulation,741,0.1656
ML-KEM-768,Decapsulation,742,0.1759
ML-KEM-768,Decapsulation,743,0.1665
ML-KEM-768,Decapsulation,744,0.1658
ML-KEM-768,Decapsulation,745,0.1653
ML-KEM-768,Decapsulation,746,0.1649
ML-KEM-768,Decapsulation,747,0.1651
ML-KEM-768,Decapsulation,748,0.1724
ML-KEM-768,Decapsulation,749,0.1657
ML-KEM-768,Decapsulation,750,0.1653
ML-KEM-768,Decapsulation,751,0.1653
ML-KEM-768,Decapsulation,752,0.165
ML-KEM-768,Decapsulation,753,0.1652
ML-KEM-768,Decapsulation,754,0.172
ML-KEM-768,Decapsulation,755,0.1662
ML-KEM-768,Decapsulation,756,0.3236
ML-KEM-768,Decapsulation,757,0.2661
ML-KEM-768,Decapsulation,758,0.1707
ML-KEM-768,Decapsulation,759,0.1656
ML-KEM-768,Decapsulation,760,0.1655
ML-KEM-768,Decapsulation,761,0.1652
ML-KEM-768,Decapsulation,762,0.167
ML-KEM-768,Decapsulation,763,0.1655
ML-KEM-768,Decapsulation,764,0.1654
ML-KEM-768,Decapsulation,765,0.1653
ML-KEM-768,Decapsulation,766,0.1785
ML-KEM-768,Decapsulation,767,0.1662
ML-KEM-768,Decapsulation,768,0.1652
ML-KEM-768,Decapsulation,769,0.1654
ML-KEM-768,Decapsulation,770,0.1652
ML-KEM-768,Decapsulation,771,0.1652
ML-KEM-768,Decapsulation,772,0.1654
ML-KEM-768,Decapsulation,773,0.1652
ML-KEM-768,Decapsulation,774,0.1653
ML-KEM-768,Decapsulation,775,0.1652
ML-KEM-768,Decapsulation,776,0.1652
ML-KEM-768,Decapsulation,777,0.1651
ML-KEM-768,Decapsulation,778,0.1753
ML-KEM-768,Decapsulation,779,0.1663
ML-KEM-768,Decapsulation,780,0.1723
ML-KEM-768,Decapsulation,781,0.1653
ML-KEM-768,Decapsulation,782,0.1653
ML-KEM-768,Decapsulation,783,0.1652
ML-KEM-768,Decapsulation,784,0.1652
ML-KEM-768,Decapsulation,785,0.1652
ML-KEM-768,Decapsulation,786,0.1652
ML-KEM-768,Decapsulation,787,0.1652
ML-KEM-768,Decapsulation,788,0.1652
ML-KEM-768,Decapsulation,789,0.1653
ML-KEM-768,Decapsulation,790,0.1748
ML-KEM-768,Decapsulation,791,0.1662
ML-KEM-768,Decapsulation,792,0.1652
ML-KEM-768,Decapsulation,793,0.1651
ML-KEM-768,Decapsulation,794,0.165
ML-KEM-768,Decapsulation,795,0.165
ML-KEM-768,Decapsulation,796,0.1652
ML-KEM-768,Decapsulation,797,0.1651
ML-KEM-768,Decapsulation,798,0.1651
ML-KEM-768,Decapsulation,799,0.1651
ML-KEM-768,Decapsulation,800,0.165
ML-KEM-768,Decapsulation,801,0.165
ML-KEM-768,Decapsulation,802,0.1731
ML-KEM-768,Decapsulation,803,0.1659
ML-KEM-768,Decapsulation,804,0.1653
ML-KEM-768,Decapsulation,805,0.165
ML-KEM-768,Decapsulation,806,0.1651
ML-KEM-768,Decapsulation,807,0.1651
ML-KEM-768,Decapsulation,808,0.1652
ML-KEM-768,Decapsulation,809,0.1651
ML-KEM-768,Decapsulation,810,0.1652
ML-KEM-768,Decapsulation,811,0.165
ML-KEM-768,Decapsulation,812,0.1652
ML-KEM-768,Decapsulation,813,0.165
ML-KEM-768,Decapsulation,814,0.1746
ML-KEM-768,Decapsulation,815,0.1661
ML-KEM-768,Decapsulation,816,0.1652
ML-KEM-768,Decapsulation,817,0.1652
ML-KEM-768,Decapsulation,818,0.1649
ML-KEM-768,Decapsulation,819,0.165
ML-KEM-768,Decapsulation,820,0.1651
ML-KEM-768,Decapsulation,821,0.1649
ML-KEM-768,Decapsulation,822,0.1651
ML-KEM-768,Decapsulation,823,0.1649
ML-KEM-768,Decapsulation,824,0.165
ML-KEM-768,Decapsulation,825,0.1651
ML-KEM-768,Decapsulation,826,0.1759
ML-KEM-768,Decapsulation,827,0.1664
ML-KEM-768,Decapsulation,828,0.1652
ML-KEM-768,Decapsulation,829,0.1649
ML-KEM-768,Decapsulation,830,0.165
ML-KEM-768,Decapsulation,831,0.1651
ML-KEM-768,Decapsulation,832,0.1652
ML-KEM-768,Decapsulation,833,0.1649
ML-KEM-768,Decapsulation,834,0.1651
ML-KEM-768,Decapsulation,835,0.1648
ML-KEM-768,Decapsulation,836,0.1652
ML-KEM-768,Decapsulation,837,0.1652
ML-KEM-768,Decapsulation,838,0.1737
ML-KEM-768,Decapsulation,839,0.166
ML-KEM-768,Decapsulation,840,0.1651
ML-KEM-768,Decapsulation,841,0.165
ML-KEM-768,Decapsulation,842,0.165
ML-KEM-768,Decapsulation,843,0.1653
ML-KEM-768,Decapsulation,844,0.1653
ML-KEM-768,Decapsulation,845,0.165
ML-KEM-768,Decapsulation,846,0.165
ML-KEM-768,Decapsulation,847,0.2132
ML-KEM-768,Decapsulation,848,0.1686
ML-KEM-768,Decapsulation,849,0.1657
ML-KEM-768,Decapsulation,850,0.1772
ML-KEM-768,Decapsulation,851,0.1662
ML-KEM-768,Decapsulation,852,0.1651
ML-KEM-768,Decapsulation,853,0.1652
ML-KEM-768,Decapsulation,854,0.1655
ML-KEM-768,Decapsulation,855,0.1661
ML-KEM-768,Decapsulation,856,0.1652
ML-KEM-768,Decapsulation,857,0.1652
ML-KEM-768,Decapsulation,858,0.1652
ML-KEM-768,Decapsulation,859,0.1653
ML-KEM-768,Decapsulation,860,0.1651
ML-KEM-768,Decapsulation,861,0.1651
ML-KEM-768,Decapsulation,862,0.1751
ML-KEM-768,Decapsulation,863,0.1659
ML-KEM-768,Decapsulation,864,0.1652
ML-KEM-768,Decapsulation,865,0.1652
ML-KEM-768,Decapsulation,866,0.165
ML-KEM-768,Decapsulation,867,0.165
ML-KEM-768,Decapsulation,868,0.1651
ML-KEM-768,Decapsulation,869,0.1648
ML-KEM-768,Decapsulation,870,0.1651
ML-KEM-768,Decapsulation,871,0.1651
ML-KEM-768,Decapsulation,872,0.1651
ML-KEM-768,Decapsulation,873,0.1648
ML-KEM-768,Decapsulation,874,0.1758
ML-KEM-768,Decapsulation,875,0.166
ML-KEM-768,Decapsulation,876,0.1652
ML-KEM-768,Decapsulation,877,0.1651
ML-KEM-768,Decapsulation,878,0.165
ML-KEM-768,Decapsulation,879,0.165
ML-KEM-768,Decapsulation,880,0.165
ML-KEM-768,Decapsulation,881,0.1651
ML-KEM-768,Decapsulation,882,0.1649
ML-KEM-768,Decapsulation,883,0.165
ML-KEM-768,Decapsulation,884,0.165
ML-KEM-768,Decapsulation,885,0.165
ML-KEM-768,Decapsulation,886,0.1737
ML-KEM-768,Decapsulation,887,0.1659
ML-KEM-768,Decapsulation,888,0.1653
ML-KEM-768,Decapsulation,889,0.1651
ML-KEM-768,Decapsulation,890,0.1651
ML-KEM-768,Decapsulation,891,0.1649
ML-KEM-768,Decapsulation,892,0.165
ML-KEM-768,Decapsulation,893,0.165
ML-KEM-768,Decapsulation,894,0.1652
ML-KEM-768,Decapsulation,895,0.1652
ML-KEM-768,Decapsulation,896,0.1651
ML-KEM-768,Decapsulation,897,0.165
ML-KEM-768,Decapsulation,898,0.1734
ML-KEM-768,Decapsulation,899,0.1656
ML-KEM-768,Decapsulation,900,0.1653
ML-KEM-768,Decapsulation,901,0.1649
ML-KEM-768,Decapsulation,902,0.165
ML-KEM-768,Decapsulation,903,0.1651
ML-KEM-768,Decapsulation,904,0.1649
ML-KEM-768,Decapsulation,905,0.165
ML-KEM-768,Decapsulation,906,0.1649
ML-KEM-768,Decapsulation,907,0.1648
ML-KEM-768,Decapsulation,908,0.171
ML-KEM-768,Decapsulation,909,0.1651
ML-KEM-768,Decapsulation,910,0.1761
ML-KEM-768,Decapsulation,911,0.1664
ML-KEM-768,Decapsulation,912,0.1648
ML-KEM-768,Decapsulation,913,0.1651
ML-KEM-768,Decapsulation,914,0.1651
ML-KEM-768,Decapsulation,915,0.1649
ML-KEM-768,Decapsulation,916,0.1651
ML-KEM-768,Decapsulation,917,0.165
ML-KEM-768,Decapsulation,918,0.165
ML-KEM-768,Decapsulation,919,0.1651
ML-KEM-768,Decapsulation,920,0.165
ML-KEM-768,Decapsulation,921,0.165
ML-KEM-768,Decapsulation,922,0.1765
ML-KEM-768,Decapsulation,923,0.1661
ML-KEM-768,Decapsulation,924,0.1652
ML-KEM-768,Decapsulation,925,0.165
ML-KEM-768,Decapsulation,926,0.1649
ML-KEM-768,Decapsulation,927,0.1653
ML-KEM-768,Decapsulation,928,0.165
ML-KEM-768,Decapsulation,929,0.1651
ML-KEM-768,Decapsulation,930,0.165
ML-KEM-768,Decapsulation,931,0.1648
ML-KEM-768,Decapsulation,932,0.1648
ML-KEM-768,Decapsulation,933,0.1649
ML-KEM-768,Decapsulation,934,0.1755
ML-KEM-768,Decapsulation,935,0.1664
ML-KEM-768,Decapsulation,936,0.1653
ML-KEM-768,Decapsulation,937,0.1651
ML-KEM-768,Decapsulation,938,0.1651
ML-KEM-768,Decapsulation,939,0.165
ML-KEM-768,Decapsulation,940,0.165
ML-KEM-768,Decapsulation,941,0.1654
ML-KEM-768,Decapsulation,942,0.1911
ML-KEM-768,Decapsulation,943,0.1701
ML-KEM-768,Decapsulation,944,0.4113
ML-KEM-768,Decapsulation,945,0.3032
ML-KEM-768,Decapsulation,946,0.1709
ML-KEM-768,Decapsulation,947,0.2072
ML-KEM-768,Decapsulation,948,0.1709
ML-KEM-768,Decapsulation,949,0.1673
ML-KEM-768,Decapsulation,950,0.1657
ML-KEM-768,Decapsulation,951,0.1655
ML-KEM-768,Decapsulation,952,0.1659
ML-KEM-768,Decapsulation,953,0.1657
ML-KEM-768,Decapsulation,954,0.1656
ML-KEM-768,Decapsulation,955,0.179
ML-KEM-768,Decapsulation,956,0.166
ML-KEM-768,Decapsulation,957,0.1657
ML-KEM-768,Decapsulation,958,0.1653
ML-KEM-768,Decapsulation,959,0.1651
ML-KEM-768,Decapsulation,960,0.1653
ML-KEM-768,Decapsulation,961,0.1651
ML-KEM-768,Decapsulation,962,0.1651
ML-KEM-768,Decapsulation,963,0.1651
ML-KEM-768,Decapsulation,964,0.1671
ML-KEM-768,Decapsulation,965,0.1653
ML-KEM-768,Decapsulation,966,0.165
ML-KEM-768,Decapsulation,967,0.1738
ML-KEM-768,Decapsulation,968,0.1658
ML-KEM-768,Decapsulation,969,0.1652
ML-KEM-768,Decapsulation,970,0.165
ML-KEM-768,Decapsulation,971,0.165
ML-KEM-768,Decapsulation,972,0.165
ML-KEM-768,Decapsulation,973,0.165
ML-KEM-768,Decapsulation,974,0.1655
ML-KEM-768,Decapsulation,975,0.1655
ML-KEM-768,Decapsulation,976,0.1652
ML-KEM-768,Decapsulation,977,0.165
ML-KEM-768,Decapsulation,978,0.1653
ML-KEM-768,Decapsulation,979,0.1734
ML-KEM-768,Decapsulation,980,0.166
ML-KEM-768,Decapsulation,981,0.1651
ML-KEM-768,Decapsulation,982,0.165
ML-KEM-768,Decapsulation,983,0.1651
ML-KEM-768,Decapsulation,984,0.165
ML-KEM-768,Decapsulation,985,0.1651
ML-KEM-768,Decapsulation,986,0.1653
ML-KEM-768,Decapsulation,987,0.1653
ML-KEM-768,Decapsulation,988,0.1649
ML-KEM-768,Decapsulation,989,0.1648
ML-KEM-768,Decapsulation,990,0.1649
ML-KEM-768,Decapsulation,991,0.1758
ML-KEM-768,Decapsulation,992,0.1663
ML-KEM-768,Decapsulation,993,0.1652
ML-KEM-768,Decapsulation,994,0.1651
ML-KEM-768,Decapsulation,995,0.1653
ML-KEM-768,Decapsulation,996,0.1651
ML-KEM-768,Decapsulation,997,0.1651
ML-KEM-768,Decapsulation,998,0.165
ML-KEM-768,Decapsulation,999,0.1651
ML-KEM-768,Decapsulation,1000,0.165
